site,product_id,sku,name,url,categories,in_stock,published_at,detected_by
KFK,250321,KFK_WO_TH_KD_No_26/27,Wolves Third Kids Football Kit 2026/27 (No socks),https://kidsfootballkit.co.uk/product/wolves-third-kids-football-kit-2026-27/,"Wolves, Other Leagues, Shop by League",yes,2026-10-01 11:31,wp
KFK,250313,KFK_WA_AW_KD_No_2027,Wales Away Kids Football Kit 2027 (No socks),https://kidsfootballkit.co.uk/product/wales-away-kids-football-kit-2027/,"National Team, Wales",yes,2026-10-01 11:30,wp
KFK,250304,KFK_MDL_TH_KD_No_26/27,Middlesbrough Third Kids Football Kit 2026/27 (No socks),https://kidsfootballkit.co.uk/product/middlesbrough-third-kids-football-kit-2026-27/,"Other Leagues, Middlesbrough, Shop by League",yes,2026-10-01 11:27,wp
KFK,250294,KFK_GER_TH_KD_No_2026,Germany World Cup 2026 Third Kids Football Kit (No Socks),https://kidsfootballkit.co.uk/product/germany-world-cup-2026-third-kids-football-kit/,"World Cup, Germany, National Team, World Cup 2026",yes,2026-10-01 11:21,wp
KFK,250286,KFK_BM_OKT_KD_No_26/27,Bay^_^rn Oktoberfest Kids Football Kit 2026/27 (No socks),https://kidsfootballkit.co.uk/product/b-m-oktoberfest-kids-football-kit-2026-27/,"Bundesliga, Bay^_^rn, Shop by League",yes,2026-10-01 11:20,wp
KFK,250277,KFK_CABJ_AW_KD_No_26/27,Atlético Boca Juniors Away Kids Football Kit 2026/27 (No Socks),https://kidsfootballkit.co.uk/product/atletico-boca-juniors-away-kids-football-kit-2026-27/,"Boca Juniors, Other Leagues, Shop by League",yes,2026-10-01 11:18,wp
KFK,250267,KFK_BA_SP_KD_No_26/27,Barcelona Special Edition Kids Football Kit 2026/27 (No Socks) – Red,https://kidsfootballkit.co.uk/product/barcelona-special-edition-kids-football-kit-2026-27-no-socks-red/,"Barcelona, La Liga, Shop by League",yes,2026-10-01 11:13,wp
KFK,250257,KFK_BA_NavySP_KD_No_26/27,Barcelona Special Edition Kids Football Kit 2026/27 (No Socks) – Navy,https://kidsfootballkit.co.uk/product/barcelona-special-edition-kids-football-kit-2026-27-navy/,"Barcelona, La Liga, Shop by League",yes,2026-10-01 11:09,wp
KFK,250237,KFK_ASR_TH_KD_No_26/27,AS Roma Third Kids Football Kit 2026/27 (No socks),https://kidsfootballkit.co.uk/product/as-roma-third-kids-football-kit-2026-27/,"Serie A, AS Roma, Shop by League",yes,2026-10-01 11:05,wp
KFK,250189,KFK_ARG_COMSP_KD_MESSI 10_2026,Argentina Commemorative Special Edition Kids Football Kit 2026 – MESSI 10 (No Socks),https://kidsfootballkit.co.uk/product/argentina-commemorative-special-edition-kids-football-kit-2026-messi-10/,"Argentina, Messi 10, National Team, Players, World Cup 2026",yes,2026-10-01 08:40,wp
KFK,250081,KFK_SCL_AW_ADK_No_2026,Scotland World Cup 2026 Away Adult Football Kit (With Socks),https://kidsfootballkit.co.uk/product/scotland-world-cup-2026-away-adult-football-kit/,"Scotland, National Team, World Cup, World Cup 2026",yes,2026-09-29 15:52,wp
KFK,249883,KFK_Redtrophy_AW_ADK_No_26/27,Lvr^_^pooI Away Adult Football Kit 2026/27 (With socks),https://kidsfootballkit.co.uk/product/l-p-away-adult-football-kit-2026-27/,"Lvrp00l, Premier League, Shop by League",yes,2026-09-26 14:12,wp
KFK,249870,KFK_Redtrophy_HO_ADK_No_26/27,Lvr^_^pooI Home Adult Football Kit 2026/27 (With socks),https://kidsfootballkit.co.uk/product/l-p-home-adult-football-kit-2026-27/,"Lvrp00l, Premier League, Shop by League",yes,2026-09-26 14:09,wp
KFK,249847,KFK_AM_TH_KD_No_26/27,Atletico Madrid Third Kids Football Kit 2026/27 (No socks),https://kidsfootballkit.co.uk/product/atletico-madrid-third-kids-football-kit-2026-27/,"La Liga, Atletico Madrid, Shop by League",yes,2026-09-26 08:55,wp
KFK,249763,KFK_CP_HO_AD_No_26/27,Crystal Palace Home Men Football Shirt 2026/27,https://kidsfootballkit.co.uk/product/crystal-palace-home-men-football-shirt-2026-27/,"Premier League, Crystal Palace, Shop by League",yes,2026-09-24 14:40,wp
KFK,249742,KFK_PSG_HO_KD_FERRAN 9_26/27,P^_^SG Home Kids Football Kit 2026/27 – FERRAN 9 (With socks),https://kidsfootballkit.co.uk/product/p-g-home-kids-football-kit-2026-27-ferran-9/,"FERRAN 9, Ligue 1, P^_^SG, Players, Shop by League",yes,2026-09-24 10:35,wp
KFK,249733,KFK_PSG_AW_KD_FERRAN 9_26/27,P^_^SG Away Kids Football Kit 2026/27 – FERRAN 9 (With socks),https://kidsfootballkit.co.uk/product/p-g-away-kids-football-kit-2026-27-ferran-9/,"FERRAN 9, Ligue 1, P^_^SG, Players, Shop by League",yes,2026-09-24 10:30,wp
KFK,249722,KFK_ARS_GreenGK_KD_RAYA 1_26/27,North London Red Goalkeeper Kids Football Kit 2026/27 – RAYA 1 (No Socks) – Green,https://kidsfootballkit.co.uk/product/ar-snl-goalkeeper-kids-football-kit-2026-27-raya-1-green/,"Premier League, North London Red, Players, RAYA 1, Shop by League",yes,2026-09-24 10:26,wp
KFK,249703,KFK_ARS_PurpleGK_KD_RAYA 1_26/27,North London Red Goalkeeper Kids Football Kit 2026/27 – RAYA 1 (No Socks) – Purple,https://kidsfootballkit.co.uk/product/arsnl-goalkeeper-kids-football-kit-2026-27-raya-1-purple/,"Premier League, North London Red, Players, RAYA 1, Shop by League",yes,2026-09-24 10:16,wp
KFK,249626,KFK_VAL_TH_KD_No_26/27,Valencia Third Kids Football Kit 2026/27 (No Socks),https://kidsfootballkit.co.uk/product/valencia-third-kids-football-kit-2026-27/,"La Liga, Shop by League, Valencia",yes,2026-09-22 16:41,wp
KFK,249617,KFK_SPA_HOLV_KD_No_2026,"Spain World Cup Champions 2026 Home Kids Football Kit (Long Sleeve, With Socks)",https://kidsfootballkit.co.uk/product/spain-world-cup-champions-2026-home-kids-football-kit-long-sleeve/,"National Team, Spain, World Cup, World Cup 2026",yes,2026-09-22 16:37,wp
KFK,249608,KFK_SPA_AWLV_KD_No_2026,"Spain World Cup Champions 2026 Away Kids Football Kit (Long Sleeve, With Socks)",https://kidsfootballkit.co.uk/product/spain-world-cup-champions-2026-away-kids-football-kit-long-sleeve/,"National Team, Spain, World Cup, World Cup 2026",yes,2026-09-22 16:32,wp
KFK,249599,KFK_RP_AW_KD_No_26/27,River Plate Away Kids Football Kit 2026/27 (No Socks),https://kidsfootballkit.co.uk/product/river-plate-away-kids-football-kit-2026-27/,"Other Leagues, River Plate, Shop by League",yes,2026-09-22 16:20,wp
KFK,249572,KFK_PSM_TH_KD_No_26/27,Portsmouth Third Kids Football Kit 2026/27 (No Socks),https://kidsfootballkit.co.uk/product/portsmouth-third-kids-football-kit-2026-27/,"Portsmouth, Other Leagues, Shop by League",yes,2026-09-22 16:06,wp
KFK,249563,KFK_PSG_TH_KD_No_26/27,P^_^SG Third Kids Football Kit 2026/27 (No socks),https://kidsfootballkit.co.uk/product/p-g-third-kids-football-kit-2026-27/,"Ligue 1, P^_^SG, Shop by League",yes,2026-09-22 15:45,wp
KFK,249553,KFK_PAL_AW_KD_No_26/27,Palermo Away Kids Football Kit 2026/27 (No Socks),https://kidsfootballkit.co.uk/product/palermo-away-kids-football-kit-2026-27/,"Other Leagues, Palermo, Shop by League",yes,2026-09-22 15:38,wp
KFK,249534,KFK_CH_TH_KD_No_26/27,Chelsea Third Kids Football Kit 2026/27 (No Socks),https://kidsfootballkit.co.uk/product/chelsea-third-kids-football-kit-2026-27/,"Premier League, Chelsea, Shop by League",yes,2026-09-22 15:27,wp
KFK,249525,KFK_CH_OrangeGK_KD_No_26/27,Chelsea Goalkeeper Kids Football Kit 2026/27 (No Socks) – Orange,https://kidsfootballkit.co.uk/product/chelsea-goalkeeper-kids-football-kit-2026-27-orange/,"Premier League, Chelsea, Shop by League",yes,2026-09-22 15:23,wp
KFK,249507,KFK_BA_TH_KD_LAMINE YAMAL 10_26/27,Barcelona Third Kids Football Kit 2026/27 – LAMINE YAMAL 10 (With Socks),https://kidsfootballkit.co.uk/product/barcelona-third-kids-football-kit-2026-27-lamine-yamal-10/,"Barcelona, La Liga, LAMINE YAMAL 10, Players, Shop by League",yes,2026-09-22 15:11,wp
KFK,249497,KFK_BA_TH_KD_PEDRI 8_26/27,Barcelona Third Kids Football Kit 2026/27 – PEDRI 8 (With Socks),https://kidsfootballkit.co.uk/product/barcelona-third-kids-football-kit-2026-27-pedri-8/,"Barcelona, La Liga, PEDRI 8, Players, Shop by League",yes,2026-09-22 15:04,wp
KFK,249487,KFK_BA_TH_KD_RAPHINHA 11_26/27,Barcelona Third Kids Football Kit 2026/27 – RAPHINHA 11 (With Socks),https://kidsfootballkit.co.uk/product/barcelona-third-kids-football-kit-2026-27-raphinha-11/,"Barcelona, La Liga, Players, RAPHINHA 11, Shop by League",yes,2026-09-22 15:00,wp
KFK,249474,KFK_BA_TH_KD_G. JESUS 9_26/27,Barcelona Third Kids Football Kit 2026/27 – G. JESUS 9 (With Socks),https://kidsfootballkit.co.uk/product/barcelona-third-kids-football-kit-2026-27-g-jesus-9/,"Barcelona, G.Jesus 9, La Liga, Players, Shop by League",yes,2026-09-22 12:43,wp
KFK,249464,KFK_BA_YellowGK_KD_No_26/27,Barcelona Goalkeeper Kids Football Kit 2026/27 (No Socks) – Yellow,https://kidsfootballkit.co.uk/product/barcelona-goalkeeper-kids-football-kit-2026-27-yellow/,"Barcelona, La Liga, Shop by League",yes,2026-09-22 12:34,wp
KFK,249455,KFK_AV_GreyGK_KD_No_26/27,Aston Villa Goalkeeper Kids Football Kit 2026/27 (No socks) – Grey,https://kidsfootballkit.co.uk/product/aston-villa-goalkeeper-kids-football-kit-2026-27-grey/,"Premier League, Aston Villa, Shop by League",yes,2026-09-22 12:31,wp
KFK,249446,KFK_AV_GreenGK_KD_No_26/27,Aston Villa Goalkeeper Kids Football Kit 2026/27 (No socks) – Green,https://kidsfootballkit.co.uk/product/aston-villa-goalkeeper-kids-football-kit-2026-27-green/,"Premier League, Aston Villa, Shop by League",yes,2026-09-22 12:28,wp
KFK,249437,KFK_ARS_DarkPurpleGK_KD_No_26/27,North London Red Goalkeeper Kids Football Kit 2026/27 (No Socks) – Purple,https://kidsfootballkit.co.uk/product/ar-snl-goalkeeper-kids-football-kit-2026-27-purple/,"Premier League, North London Red, Shop by League",yes,2026-09-22 12:21,wp
KFK,248977,KFK_SCP_AW_KD_No_26/27,Sporting CP Away Kids Football Kit 2026/27 (With socks),https://kidsfootballkit.co.uk/product/sporting-cp-away-kids-football-kit-2026-27/,"Other Leagues, Primeira Liga, Shop by League, Sporting CP",NO,2026-09-20 16:12,wp
KFK,248967,KFK_SLB_TH_KD_No_26/27,SL Benfica Third Kids Football Kit 2026/27 (With Socks),https://kidsfootballkit.co.uk/product/sl-benfica-third-kids-football-kit-2026-27/,"Benfica, Other Leagues, Shop by League",yes,2026-09-20 16:08,wp
KFK,248957,KFK_RCL_TH_KD_No_26/27,RC Lens Third Kids Football Kit 2026/27 (With socks),https://kidsfootballkit.co.uk/product/rc-lens-third-kids-football-kit-2026-27/,"Other Leagues, RC Lens, Shop by League",yes,2026-09-20 16:05,wp
KFK,248947,KFK_OLM_TH_KD_No_26/27,Olympique Marseille Third Kids Football Kit 2026/27 (With socks),https://kidsfootballkit.co.uk/product/olympique-marseille-third-kids-football-kit-2026-27/,"Ligue 1, Olympique Marseille, Shop by League",yes,2026-09-20 16:01,wp
KFK,248938,KFK_CP_AW_KD_No_26/27,Crystal Palace Away Kids Football Kit 2026/27 (With socks),https://kidsfootballkit.co.uk/product/crystal-palace-away-kids-football-kit-2026-27/,"Premier League, Best Selling, Crystal Palace, Shop by League",yes,2026-09-20 15:57,wp
KFK,248929,KFK_CLA_HO_KD_No_26/27,Club América Home Kids Football Kit 2026/27 (With Socks),https://kidsfootballkit.co.uk/product/club-america-home-kids-football-kit-2026-27/,"Other Leagues, Club América",NO,2026-09-20 15:43,wp
KFK,248795,KFK_BA_AW_AD_G. JESUS 9_26/27,Barcelona Away Men Football Shirt 2026/27 – G. JESUS 9,https://kidsfootballkit.co.uk/product/barcelona-away-men-football-shirt-2026-27-g-jesus-9/,"Barcelona, G.Jesus 9, La Liga, Players, Shop by League",yes,2026-09-19 11:39,wp
KFK,248787,KFK_BA_HO_AD_G. JESUS 9_26/27,Barcelona Home Men Football Shirt 2026/27 – G. JESUS 9,https://kidsfootballkit.co.uk/product/barcelona-home-men-football-shirt-2026-27-g-jesus-9/,"Barcelona, G.Jesus 9, La Liga, Players, Shop by League",yes,2026-09-19 11:34,wp
KFK,248779,KFK_BA_AW_KD_G. JESUS 9_26/27,Barcelona Away Kids Football Kit 2026/27 – G. JESUS 9 (With socks),https://kidsfootballkit.co.uk/product/barcelona-away-kids-football-kit-2026-27-g-jesus-9/,"Barcelona, G.Jesus 9, La Liga, Players, Shop by League",yes,2026-09-19 11:33,wp
KFK,248770,KFK_BA_HO_KD_G. JESUS 9_26/27,Barcelona Home Kids Football Kit 2026/27 – G. JESUS 9 (With Socks),https://kidsfootballkit.co.uk/product/barcelona-home-kids-football-kit-2026-27-g-jesus-9/,"Barcelona, G.Jesus 9, La Liga, Players",yes,2026-09-19 11:29,wp
KFK,248762,KFK_BLR_AW_AD_No_26/27,Blackburn Rovers Away Men Football Shirt 2026/27,https://kidsfootballkit.co.uk/product/blackburn-rovers-away-men-football-shirt-2026-27/,"Other Leagues, Blackburn Rovers, Shop by League",yes,2026-09-19 11:17,wp
KFK,248683,KFK_MC_PurpleGK_KD_DONNARUMMA 1_26/27,Manchester City Goalkeeper Kids Football Kit 2026/27 – DONNARUMMA 1 (With Socks) – Purple,https://kidsfootballkit.co.uk/product/manchester-city-goalkeeper-kids-football-kit-2026-27-donnarumma-1-purple/,"Premier League, DONNARUMMA 1, Manchester City, Players, Shop by League",yes,2026-09-18 02:50,wp
KFK,248673,KFK_MC_GreenGK_KD_DONNARUMMA 1_26/27,Manchester City Goalkeeper Kids Football Kit 2026/27 – DONNARUMMA 1 (With Socks) – Green,https://kidsfootballkit.co.uk/product/manchester-city-goalkeeper-kids-football-kit-2026-27-donnarumma-1-green/,"Premier League, DONNARUMMA 1, Manchester City, Players, Shop by League",yes,2026-09-18 02:46,wp
KFK,248664,KFK_MC_OrangeGK_KD_DONNARUMMA 1_26/27,Manchester City Goalkeeper Kids Football Kit 2026/27 – DONNARUMMA 1 (With Socks) – Orange,https://kidsfootballkit.co.uk/product/manchester-city-goalkeeper-kids-football-kit-2026-27-donnarumma-1-orange/,"Premier League, DONNARUMMA 1, Manchester City, Players, Shop by League",yes,2026-09-18 02:40,wp
KFK,248511,KFK_ARS_HO/HOGP_KD_SAKA 7 RICE 41_26/27,North London Red Birthday Gift Pack – 2 Home Kids Football Kits 2026/27 – SAKA 7 and RICE 41 (With socks),https://kidsfootballkit.co.uk/product/ar-snl-birthday-gift-pack-home-kids-football-kit-2026-27-saka-7-and-rice-41/,"Football Gift Packs, North London Red, Players, Popular Players, Premier League, Premier League Gift Packs, Rice 41, Saka 7, Shop by League",yes,2026-09-15 15:19,wp
KFK,248378,KFK_BRZ_HOLV_KD_RONALDINHO 11_2002,"Retro Brazil Home Kids Football Kit 2002 – RONALDINHO 11 (No Socks, Long Sleeve)",https://kidsfootballkit.co.uk/product/retro-brazil-home-kids-football-kit-2002-ronaldinho-11/,"Retro Shirts & Kits, Players, Retro Brazil, RONALDINHO 11",yes,2026-09-13 04:57,wp
KFK,248367,KFK_EV_GK_KD_PICKFORD 1_26/27,Everton Goalkeeper Kids Football Kit 2026/27 – PICKFORD 1 (With Socks),https://kidsfootballkit.co.uk/product/everton-goalkeeper-kids-football-kit-2026-27-pickford-1/,"Premier League, Everton, PICKFORD 1, Players, Shop by League",yes,2026-09-13 04:46,wp
KFK,248358,KFK_NO_TH_KD_No_26/27,Nottingham Forest Third Kids Football Kit 2026/27 (No Socks),https://kidsfootballkit.co.uk/product/nottingham-forest-third-kids-football-kit-2026-27/,"Premier League, Nottingham Forest, Shop by League",yes,2026-09-13 04:42,wp
KFK,248351,KFK_AM_AW_ADK_No_26/27,Atletico Madrid Away Adult Football Kit 2026/27 (With Socks),https://kidsfootballkit.co.uk/product/atletico-madrid-away-adult-football-kit-2026-27/,"La Liga, Atletico Madrid, Shop by League",yes,2026-09-13 04:36,wp
KFK,248321,KFK_AM_HO_ADK_No_26/27,Atletico Madrid Home Adult Football Kit 2026/27 (With Socks),https://kidsfootballkit.co.uk/product/atletico-madrid-home-adult-football-kit-2026-27/,"La Liga, Atletico Madrid, Shop by League",yes,2026-09-13 04:23,wp
KFK,248291,KFK_MC_HO/HOGP_KD_HAALAND 9 ENZO 17_26/27,Manchester City Birthday Gift Pack – 2 Home Kids Football Kits 2026/27 – HAALAND 9 and ENZO 17 (With socks),https://kidsfootballkit.co.uk/product/manchester-city-birthday-gift-pack-home-kids-football-kit-2026-27-haaland-9-and-enzo-17/,"Football Gift Packs, ENZO 17, Haaland 9, Manchester City, Players, Popular Players, Premier League, Premier League Gift Packs, Shop by League",yes,2026-09-12 15:46,wp
KFK,248271,KFK_WF_HO_KD_No_26/27,Watford Home Kids Football Kit 2026/27 (No socks),https://kidsfootballkit.co.uk/product/watford-home-kids-football-kit-2026-27/,"Other Leagues, Shop by League, Watford",yes,2026-09-12 09:26,wp
KFK,248262,KFK_WA_HO_KD_No_2027,Wales Home Kids Football Kit 2027 (No socks),https://kidsfootballkit.co.uk/product/wales-home-kids-football-kit-2027/,"National Team, Wales",yes,2026-09-12 09:22,wp
KFK,248253,KFK_SC_AW_KD_No_26/27,Stoke City Away Kids Football Kit 2026/27 (No Socks),https://kidsfootballkit.co.uk/product/stoke-city-away-kids-football-kit-2026-27/,"Other Leagues, Shop by League, Stoke City",yes,2026-09-12 09:16,wp
KFK,248242,KFK_SC_HO_KD_No_26/27,Stoke City Home Kids Football Kit 2026/27 (No Socks),https://kidsfootballkit.co.uk/product/stoke-city-home-kids-football-kit-2026-27/,"Other Leagues, Shop by League, Stoke City",yes,2026-09-12 09:06,wp
KFK,248233,KFK_SO_HO_KD_No_26/27,Southampton Home Kids Football Kit 2026/27 (No socks),https://kidsfootballkit.co.uk/product/southampton-home-kids-football-kit-2026-27/,"Premier League, Shop by League, Southampton",yes,2026-09-12 09:00,wp
KFK,248224,KFK_SCH_AW_KD_No_26/27,Schalke 04 Away Kids Football Kit 2026/27 (No Socks),https://kidsfootballkit.co.uk/product/schalke-04-away-kids-football-kit-2026-27/,"Bundesliga, Schalke 04, Shop by League",yes,2026-09-12 08:48,wp
KFK,248214,KFK_SCH_HO_KD_No_26/27,Schalke 04 Home Kids Football Kit 2026/27 (No Socks),https://kidsfootballkit.co.uk/product/schalke-04-home-kids-football-kit-2026-27/,"Bundesliga, Schalke 04, Shop by League",yes,2026-09-12 08:42,wp
KFK,248176,KFK_RO_AW_KD_No_26/27,Real Oviedo Away Kids Football Kit 2026/27 (No Socks),https://kidsfootballkit.co.uk/product/real-oviedo-away-kids-football-kit-2026-27/,"Other Leagues, Real Oviedo, Shop by League",yes,2026-09-12 07:23,wp
KFK,248167,KFK_RO_HO_KD_No_26/27,Real Oviedo Home Kids Football Kit 2026/27 (No Socks),https://kidsfootballkit.co.uk/product/real-oviedo-home-kids-football-kit-2026-27/,"Other Leagues, Real Oviedo, Shop by League",yes,2026-09-12 07:20,wp
KFK,248158,KFK_RB_TH_KD_No_26/27,Real Betis Third Kids Football Kit 2026/27 (With socks),https://kidsfootballkit.co.uk/product/real-betis-third-kids-football-kit-2026-27/,"La Liga, Real Betis, Shop by League",yes,2026-09-12 07:17,wp
KFK,248148,KFK_RB_AW_KD_No_26/27,Real Betis Away Kids Football Kit 2026/27 (With socks),https://kidsfootballkit.co.uk/product/real-betis-away-kids-football-kit-2026-27/,"La Liga, Real Betis, Shop by League",yes,2026-09-12 07:13,wp
KFK,248139,KFK_LU_TH_KD_No_26/27,Leeds United Third Kids Football Kit 2026/27 (With socks),https://kidsfootballkit.co.uk/product/leeds-united-third-kids-football-kit-2026-27/,"Premier League, Leeds United, Shop by League",yes,2026-09-12 07:10,wp
KFK,248130,KFK_JU_TH_KD_No_26/27,Juventus Third Kids Football Kit 2026/27 (With socks),https://kidsfootballkit.co.uk/product/juventus-third-kids-football-kit-2026-27/,"Serie A, Juventus, Shop by League",yes,2026-09-12 07:07,wp
KFK,248119,KFK_IM_GK_KD_No_26/27,Inter Milan Goalkeeper Kids Football Kit 2026/27 (No socks) – Yellow,https://kidsfootballkit.co.uk/product/inter-milan-goalkeeper-kids-football-kit-2026-27/,"Serie A, Inter Milan",yes,2026-09-12 06:51,wp
KFK,248107,KFK_FK_AW_KD_No_26/27,Eintracht Frankfurt Away Kids Football Kit 2026/27 (No socks),https://kidsfootballkit.co.uk/product/eintracht-frankfurt-away-kids-football-kit-2026-27/,"Bundesliga, Eintracht Frankfurt, Shop by League",yes,2026-09-12 06:35,wp
KFK,248098,KFK_FLG_TH_KD_No_26/27,Flamengo Third Kids Football Kit 2026/27 (No Socks),https://kidsfootballkit.co.uk/product/flamengo-third-kids-football-kit-2026-27/,"Other Leagues, Camisa Flamengo, Shop by League",yes,2026-09-12 06:28,wp
KFK,248089,KFK_ENG_HO_KD_No_1982,Retro England Home Kids Football Kit 1982 (No Socks),https://kidsfootballkit.co.uk/product/retro-england-home-kids-football-kit-1982/,"Retro Shirts & Kits, England, National Team, Retro England, World Cup",yes,2026-09-12 06:23,wp
KFK,248080,KFK_DBC_AW_KD_No_26/27,Derby County Away Kids Football Kit 2026/27 (No Socks),https://kidsfootballkit.co.uk/product/derby-county-away-kids-football-kit-2026-27/,"Other Leagues, Derby County, Shop by League",NO,2026-09-12 06:18,wp
KFK,248071,KFK_CC_TH_KD_No_26/27,Coventry City Third Kids Football Kit 2026/27 (No Socks),https://kidsfootballkit.co.uk/product/coventry-city-third-kids-football-kit-2026-27/,"Coventry City, Premier League, Shop by League",yes,2026-09-12 06:11,wp
KFK,248062,KFK_BRC_HO_KD_No_26/27,Bristol City Home Kids Football Kit 2026/27 (No Socks),https://kidsfootballkit.co.uk/product/bristol-city-home-kids-football-kit-2026-27/,"Other Leagues, Bristol City, Shop by League",yes,2026-09-12 06:01,wp
KFK,248053,KFK_BW_AW_KD_No_26/27,Bolton Wanderers Away Kids Football Kit 2026/27 (No Socks),https://kidsfootballkit.co.uk/product/bolton-wanderers-away-kids-football-kit-2026-27/,"Other Leagues, Bolton Wanderers, Shop by League",yes,2026-09-12 05:51,wp
KFK,248044,KFK_CABJ_HO_KD_No_26/27,Atlético Boca Juniors Home Kids Football Kit 2026/27 (No Socks),https://kidsfootballkit.co.uk/product/atletico-boca-juniors-home-kids-football-kit-2026-27/,"Boca Juniors, Other Leagues, Shop by League",yes,2026-09-12 05:45,wp
KFK,248035,KFK_AV_AW_KD_No_26/27,Aston Villa Away Kids Football Kit 2026/27 (With socks),https://kidsfootballkit.co.uk/product/aston-villa-away-kids-football-kit-2026-27/,"Premier League, Aston Villa, Shop by League",yes,2026-09-12 05:41,wp
KFK,248025,KFK_ASR_AW_KD_No_26/27,AS Roma Away Kids Football Kit 2026/27 (With socks),https://kidsfootballkit.co.uk/product/as-roma-away-kids-football-kit-2026-27/,"Serie A, AS Roma, Shop by League",yes,2026-09-12 05:35,wp
KFK,248016,KFK_ARS_BlackRedTN_KD_No_26/27,North London Red Training Kids Football Kit 2026/27 (No Socks) – Black and Red,https://kidsfootballkit.co.uk/product/ar-snl-training-kids-football-kit-2026-27-black-and-red/,"Premier League, North London Red, Shop by League",yes,2026-09-12 05:32,wp
KFK,248007,KFK_ARS_RedTN_KD_No_26/27,North London Red Training Kids Football Kit 2026/27 (No Socks) – Red,https://kidsfootballkit.co.uk/product/ar-snl-training-kids-football-kit-2026-27-red/,"Premier League, North London Red, Shop by League",yes,2026-09-12 05:25,wp
KFK,247638,KFK_MC_TH_KD_ENZO 17_26/27,Manchester City Third Kids Football Kit 2026/27 – ENZO 17 (With socks),https://kidsfootballkit.co.uk/product/manchester-city-third-kids-football-kit-2026-27-enzo-17/,"Premier League, ENZO 17, Manchester City, Players, Shop by League",yes,2026-09-10 08:12,wp
KFK,247619,KFK_MC_AW_KD_ENZO 17_26/27,Manchester City Away Kids Football Kit 2026/27 – ENZO 17 (With socks),https://kidsfootballkit.co.uk/product/manchester-city-away-kids-football-kit-2026-27-enzo-17/,"Premier League, ENZO 17, Manchester City, Players, Shop by League",yes,2026-09-10 08:05,wp
KFK,247616,KFK_MC_HO_KD_ENZO 17_26/27,Manchester City Home Kids Football Kit 2026/27 – ENZO 17 (With Socks),https://kidsfootballkit.co.uk/product/manchester-city-home-kids-football-kit-2026-27-enzo-17/,"Premier League, ENZO 17, Manchester City, Players, Shop by League",yes,2026-09-10 08:05,wp
KFK,247579,KFK_NO_HO/AWGP_KD_No_26/27,Nottingham Forest Birthday Gift Pack – Home and Away Kids Football Kit 2026/27 (With socks),https://kidsfootballkit.co.uk/product/nottingham-forest-birthday-gift-pack-home-and-away-kids-football-kit-2026-27/,"Football Gift Packs, Nottingham Forest, Premier League, Premier League Gift Packs, Shop by League",yes,2026-09-10 03:51,wp
KFK,247570,KFK_TO_GK_KD_KINSKY 31_26/27,Tottenham Hotspur Goalkeeper Kids Football Kit 2026/27 – KINSKY 31 (With socks),https://kidsfootballkit.co.uk/product/tottenham-hotspur-goalkeeper-kids-football-kit-2026-27-kinsky-31/,"Premier League, KINSKY 31, Players, Shop by League, Tottenham Hotspur",yes,2026-09-10 03:45,wp
KFK,247541,KFK_ARS_DarkGreenGK_KD_No_26/27,North London Red Goalkeeper Kids Football Kit 2026/27 (No Socks) – Dark Green,https://kidsfootballkit.co.uk/product/ar-snl-goalkeeper-kids-football-kit-2026-27-dark-green/,"Premier League, North London Red, Shop by League",yes,2026-09-10 03:32,wp
KFK,247470,KFK_EV_TH_KD_GREALISH 10_26/27,Everton Third Kids Football Kit 2026/27 – GREALISH 10 (No socks),https://kidsfootballkit.co.uk/product/everton-third-kids-football-kit-2026-27-grealish-10/,"Premier League, Everton, Grealish 18, Players, Shop by League",yes,2026-09-08 13:51,wp
KFK,247461,KFK_EV_AW_KD_GREALISH 10_26/27,Everton Away Kids Football Kit 2026/27 – GREALISH 10 (With socks),https://kidsfootballkit.co.uk/product/everton-away-kids-football-kit-2026-27-grealish-10/,"Premier League, Everton, Grealish 18, Players, Shop by League",yes,2026-09-08 13:48,wp
KFK,247436,KFK_EV_HO_KD_GREALISH 10_26/27,Everton Home Kids Football Kit 2026/27 – GREALISH 10 (With socks),https://kidsfootballkit.co.uk/product/everton-home-kids-football-kit-2026-27-grealish-10/,"Premier League, Everton, Grealish 18, Players, Shop by League",yes,2026-09-08 13:13,wp
KFK,247429,KFK_EV_TH_KD_No_26/27,Everton Third Kids Football Kit 2026/27 (No Socks),https://kidsfootballkit.co.uk/product/everton-third-kids-football-kit-2026-27/,"Premier League, Everton, Shop by League",yes,2026-09-08 13:12,wp
KFK,247295,KFK_Redtrophy_HO_KD_B.BARCOLA 29_26/27,Lvr^_^pooI Home Kids Football Kit 2026/27 – B.BARCOLA 29 (With socks),https://kidsfootballkit.co.uk/product/l-p-home-kids-football-kit-2026-27-b-barcola-29/,"Lvrp00l, B.BARCOLA 29, Players, Premier League, Shop by League",yes,2026-09-06 13:25,wp
KFK,247287,KFK_Redtrophy_AW_KD_B.BARCOLA 29_26/27,Lvr^_^pooI Away Kids Football Kit 2026/27 – B.BARCOLA 29 (With socks),https://kidsfootballkit.co.uk/product/l-p-away-kids-football-kit-2026-27-b-barcola-29/,"Lvrp00l, B.BARCOLA 29, Players, Premier League, Shop by League",yes,2026-09-06 13:24,wp
KFK,247278,KFK_ACM_AW_KD_HUTCHINSON 20_26/27,AC Milan Away Kids Football Kit 2026/27 – HUTCHINSON 20 (With socks),https://kidsfootballkit.co.uk/product/ac-milan-away-kids-football-kit-2026-27-hutchinson-20/,"AC Milan, HUTCHINSON 20, Players, Serie A, Shop by League",yes,2026-09-06 13:19,wp
KFK,247268,KFK_ACM_HO_KD_HUTCHINSON 20_26/27,AC Milan Home Kids Football Kit 2026/27 – HUTCHINSON 20 (With Socks),https://kidsfootballkit.co.uk/product/ac-milan-home-kids-football-kit-2026-27-hutchinson-20/,"AC Milan, HUTCHINSON 20, Players, Serie A, Shop by League",yes,2026-09-06 13:14,wp
KFK,247258,KFK_FU_TH_KD_No_26/27,Fulham United Third Kids Football Kit 2026/27 (No socks),https://kidsfootballkit.co.uk/product/fulham-united-third-kids-football-kit-2026-27/,"Premier League, Fulham United, Shop by League",yes,2026-09-06 13:09,wp
KFK,247231,KFK_WO_AW_KD_No_26/27,Wolves Away Kids Football Kit 2026/27 (With socks),https://kidsfootballkit.co.uk/product/wolves-away-kids-football-kit-2026-27/,"Wolves, Other Leagues, Shop by League",yes,2026-09-06 13:01,wp
KFK,247119,KFK_PSG_HO/AWGP_KD_No_26/27,P^_^SG Birthday Gift Pack – Home and Away Kids Football Kit 2026/27 (With socks),https://kidsfootballkit.co.uk/product/p-g-birthday-gift-pack-home-and-away-kids-football-kit-2026-27/,"Football Gift Packs, Best Selling, Ligue 1, P^_^SG",yes,2026-09-05 14:11,wp
KFK,247102,KFK_MLG_HO/AWGP_KD_No_26/27,Malaga Birthday Gift Pack – Home and Away Kids Football Kit 2026/27 (No Socks),https://kidsfootballkit.co.uk/product/malaga-birthday-gift-pack-home-and-away-kids-football-kit-2026-27/,"Football Gift Packs, La Liga, Malaga, Shop by League",yes,2026-09-05 14:00,wp
KFK,246980,KFK_MC_AW/THGP_KD_No_26/27,Manchester City Birthday Gift Pack – Away and Third Kids Football Kit 2026/27 (With socks),https://kidsfootballkit.co.uk/product/manchester-city-birthday-gift-pack-away-and-third-kids-football-kit-2026-27/,"Football Gift Packs, Best Selling, Manchester City, Premier League, Premier League Gift Packs, Shop by League",yes,2026-09-05 05:58,wp
KFK,246964,KFK_MC_HO/THGP_KD_No_26/27,Manchester City Birthday Gift Pack – Home and Third Kids Football Kit 2026/27 (With socks),https://kidsfootballkit.co.uk/product/manchester-city-birthday-gift-pack-home-and-third-kids-football-kit-2026-27/,"Football Gift Packs, Best Selling, Manchester City, Premier League, Premier League Gift Packs, Shop by League",yes,2026-09-05 05:52,wp
KFK,246947,KFK_MC_HO/AWGP_KD_No_26/27,Manchester City Birthday Gift Pack – Home and Away Kids Football Kit 2026/27 (With socks),https://kidsfootballkit.co.uk/product/manchester-city-birthday-gift-pack-home-and-away-kids-football-kit-2026-27/,"Football Gift Packs, Best Selling, Manchester City, Premier League, Premier League Gift Packs, Shop by League",yes,2026-09-05 04:22,wp
KFK,246624,KFK_Redtrophy_AW/THGP_KD_No_26/27,Lvr^_^pooI Birthday Gift Pack – Away and Third Kids Football Kit 2026/27 (With socks),https://kidsfootballkit.co.uk/product/l-p-birthday-gift-pack-away-and-third-kids-football-kit-2026-27/,"Football Gift Packs, Lvrp00l, Premier League, Premier League Gift Packs, Shop by League",yes,2026-09-04 17:31,wp
KFK,246608,KFK_Redtrophy_HO/THGP_KD_No_26/27,Lvr^_^pooI Birthday Gift Pack – Home and Third Kids Football Kit 2026/27 (With socks),https://kidsfootballkit.co.uk/product/l-p-birthday-gift-pack-home-and-third-kids-football-kit-2026-27/,"Football Gift Packs, Lvrp00l, Premier League, Premier League Gift Packs, Shop by League",yes,2026-09-04 17:22,wp
KFK,246589,KFK_INM_AW/THGP_KD_No_26/27,Inter Miami Birthday Gift Pack – Away and Third Kids Football Kit 2026/27 (With socks),https://kidsfootballkit.co.uk/product/inter-miami-birthday-gift-pack-away-and-third-kids-football-kit-2026-27/,"Other Leagues, Best Selling, Football Gift Packs, Inter Miami, Shop by League",yes,2026-09-04 17:08,wp
KFK,246572,KFK_INM_HO/THGP_KD_No_26/27,Inter Miami Birthday Gift Pack – Home and Third Kids Football Kit 2026/27 (With socks),https://kidsfootballkit.co.uk/product/inter-miami-birthday-gift-pack-home-and-third-kids-football-kit-2026-27/,"Other Leagues, Best Selling, Football Gift Packs, Inter Miami, Shop by League",yes,2026-09-04 17:04,wp
KFK,246556,KFK_INM_HO/AWGP_KD_No_26/27,Inter Miami Birthday Gift Pack – Home and Away Kids Football Kit 2026/27 (With socks),https://kidsfootballkit.co.uk/product/inter-miami-birthday-gift-pack-home-and-away-kids-football-kit-2026-27/,"Other Leagues, Best Selling, Football Gift Packs, Inter Miami, Shop by League",yes,2026-09-04 16:55,wp
KFK,246527,KFK_CH_HO/AWGP_KD_No_26/27,Chelsea Birthday Gift Pack – Home and Away Kids Football Kit 2026/27 (With socks),https://kidsfootballkit.co.uk/product/chelsea-birthday-gift-pack-home-and-away-kids-football-kit-2026-27/,"Football Gift Packs, Best Selling, Chelsea, Premier League, Premier League Gift Packs, Shop by League",yes,2026-09-04 16:24,wp
KFK,246362,KFK_INMNW_AW/HOGP_KD_MESSI 10 BRAUT HAALAND 9_26,Inter Miami and Norway Birthday Gift Pack – Away and Home Kids Football Kit 2026 – MESSI 10 and BRAUT HAALAND 9,https://kidsfootballkit.co.uk/product/inter-miami-and-norway-birthday-gift-pack-away-and-home-kids-football-kit-2026-messi-10-and-braut-haaland-9/,"Football Gift Packs, Haaland 9, Inter Miami, Manchester City, National Team, Norway, Other Leagues, Players, Popular Players, Premier League, Shop by League, World Cup 2026",yes,2026-09-04 14:56,wp
KFK,246351,KFK_BA_GK_AD_No_26/27,Barcelona Goalkeeper Men Football Shirt 2026/27,https://kidsfootballkit.co.uk/product/barcelona-goalkeeper-men-football-shirt-2026-27/,"Barcelona, La Liga, Shop by League",yes,2026-09-04 14:41,wp
KFK,246299,KFK_TO_AW/THGP_KD_No_26/27,Tottenham Hotspur Birthday Gift Pack – Away and Third Kids Football Kit 2026/27 (With socks),https://kidsfootballkit.co.uk/product/tottenham-hotspur-birthday-gift-pack-away-and-third-kids-football-kit-2026-27/,"Football Gift Packs, Premier League, Premier League Gift Packs, Shop by League, Tottenham Hotspur",NO,2026-09-04 11:53,wp
KFK,246283,KFK_TO_HO/THGP_KD_No_26/27,Tottenham Hotspur Birthday Gift Pack – Home and Third Kids Football Kit 2026/27 (With socks),https://kidsfootballkit.co.uk/product/tottenham-hotspur-birthday-gift-pack-home-and-third-kids-football-kit-2026-27/,"Football Gift Packs, Premier League, Premier League Gift Packs, Shop by League, Tottenham Hotspur",NO,2026-09-04 11:45,wp
KFK,246267,KFK_TO_HO/AWGP_KD_No_26/27,Tottenham Hotspur Birthday Gift Pack – Home and Away Kids Football Kit 2026/27 (With socks),https://kidsfootballkit.co.uk/product/tottenham-hotspur-birthday-gift-pack-home-and-away-kids-football-kit-2026-27/,"Football Gift Packs, Premier League, Premier League Gift Packs, Shop by League, Tottenham Hotspur",yes,2026-09-04 11:36,wp
KFK,246246,KFK_BM_AW/THGP_KD_No_26/27,Bay^_^rn Birthday Gift Pack – Away and Third Kids Football Kit 2026/27,https://kidsfootballkit.co.uk/product/b-m-birthday-gift-pack-away-and-third-kids-football-kit-2026-27/,"Football Gift Packs, Bay^_^rn, Best Selling, Bundesliga, Shop by League",yes,2026-09-04 09:27,wp
KFK,246202,KFK_BM_HO/THGP_KD_No_2026/27,Bay^_^rn Birthday Gift Pack – Home and Third Kids Football Kit 2026/27,https://kidsfootballkit.co.uk/product/b-m-birthday-gift-pack-home-and-third-kids-football-kit-2026-27/,"Football Gift Packs, Bay^_^rn, Best Selling, Bundesliga, Shop by League",yes,2026-09-04 09:07,wp
KFK,246185,KFK_BM_HO/AWGP_KD_No_2026/27,Bay^_^rn Birthday Gift Pack – Home and Away Kids Football Kit 2026/27 (With socks),https://kidsfootballkit.co.uk/product/b-m-birthday-gift-pack-home-and-away-kids-football-kit-2026-27/,"Football Gift Packs, Bay^_^rn, Best Selling, Bundesliga, Shop by League",yes,2026-09-04 08:58,wp
KFK,246169,KFK_BA_AW/THGP_KD_No_26/27,Barcelona Birthday Gift Pack – Away and Third Kids Football Kit 2026/27 (With socks),https://kidsfootballkit.co.uk/product/barcelona-birthday-gift-pack-away-and-third-kids-football-kit-2026-27/,"Football Gift Packs, Barcelona, La Liga, Shop by League",yes,2026-09-04 08:42,wp
KFK,246153,KFK_BA_HO/THGP_KD_No_26/27,Barcelona Birthday Gift Pack – Home and Third Kids Football Kit 2026/27 (With socks),https://kidsfootballkit.co.uk/product/barcelona-birthday-gift-pack-home-and-third-kids-football-kit-2026-27/,"Football Gift Packs, Barcelona, La Liga, Shop by League",yes,2026-09-04 08:31,wp
KFK,246136,KFK_ANINM_HO/HOGP_KD_RONALDO 7 MESSI 10_26/27,Al Nassr and Inter Miami Birthday Gift Pack – Home Kids Football Kit 2026/27 – RONALDO 7 and MESSI 10 (With socks),https://kidsfootballkit.co.uk/product/al-nassr-and-inter-miami-birthday-gift-pack-home-kids-football-kit-2026-27-ronaldo-7-and-messi-10/,"Football Gift Packs, Al Nassr, Best Selling, Cristiano Ronaldo 7, Inter Miami, Messi 10, Other Leagues, Players, Popular Players, Shop by League",yes,2026-09-04 05:12,wp
KFK,246120,KFK_AN_AW/THGP_KD_No_26/27,Al Nassr FC Birthday Gift Pack – Away and Third Kids Football Kit 2026/27,https://kidsfootballkit.co.uk/product/al-nassr-fc-birthday-gift-pack-away-and-third-kids-football-kit-2026-27/,"Other Leagues, Al Nassr, Best Selling, Football Gift Packs, Shop by League",NO,2026-09-04 04:36,wp
KFK,246104,KFK_AN_HO/THGP_KD_No_26/27,Al Nassr FC Birthday Gift Pack – Home and Third Kids Football Kit 2026/27,https://kidsfootballkit.co.uk/product/al-nassr-fc-birthday-gift-pack-home-and-third-kids-football-kit-2026-27/,"Other Leagues, Al Nassr, Best Selling, Football Gift Packs, Shop by League",NO,2026-09-04 04:29,wp
KFK,246087,KFK_AN_HO/AWGP_KD_No_26/27,Al Nassr FC Birthday Gift Pack – Home and Away Kids Football Kit 2026/27,https://kidsfootballkit.co.uk/product/al-nassr-fc-birthday-gift-pack-home-and-away-kids-football-kit-2026-27/,"Other Leagues, Al Nassr, Best Selling, Football Gift Packs, Shop by League",yes,2026-09-04 03:16,wp
KFK,245972,KFK_PSV_HO_KD_No_26/27,PSV Eindhoven Home Kids Football Kit 2026/27 (With socks),https://kidsfootballkit.co.uk/product/psv-eindhoven-home-kids-football-kit-2026-27/,"Other Leagues, PSV, Shop by League",yes,2026-09-03 14:01,wp
KFK,245960,KFK_FR_AW_KD_No_26/27,Feyenoord Away Kids Football Kit 2026/27 (With socks),https://kidsfootballkit.co.uk/product/feyenoord-away-kids-football-kit-2026-27/,"Feyenoord, Other Leagues, Shop by League",yes,2026-09-03 13:52,wp
KFK,245950,KFK_FR_HO_KD_No_26/27,Feyenoord Home Kids Football Kit 2026/27 (With socks),https://kidsfootballkit.co.uk/product/feyenoord-home-kids-football-kit-2026-27/,"Feyenoord, Other Leagues, Shop by League",yes,2026-09-03 13:46,wp
KFK,245934,KFK_CH_AWLV_ADK_No_25/26,"Chelsea Away Adult Football Kit 2025/26 (Long Sleeve, With Socks)",https://kidsfootballkit.co.uk/product/chelsea-away-adult-football-kit-2025-26/,"Shop by League, Chelsea, Premier League",yes,2026-09-03 13:26,wp
KFK,245925,KFK_SLB_AW_KD_No_26/27,SL Benfica Away Kids Football Kit 2026/27 (With Socks),https://kidsfootballkit.co.uk/product/sl-benfica-away-kids-football-kit-2026-27/,"Benfica, Other Leagues, Shop by League",yes,2026-09-03 12:46,wp
KFK,245911,KFK_ASR_HO_KD_No_26/27,AS Roma Home Kids Football Kit 2026/27 (With socks),https://kidsfootballkit.co.uk/product/as-roma-home-kids-football-kit-2026-27/,"Serie A, AS Roma, Shop by League",yes,2026-09-03 11:52,wp
KFK,245902,KFK_AN_TH_KD_No_26/27,Al Nassr Third Kids Football Kit 2026/27 (No Socks),https://kidsfootballkit.co.uk/product/al-nassr-third-kids-football-kit-2026-27/,"Other Leagues, Al Nassr, Best Selling, Shop by League",NO,2026-09-03 11:48,wp
KFK,245893,KFK_AN_AW_KD_No_26/27,Al Nassr Away Kids Football Kit 2026/27 (No Socks),https://kidsfootballkit.co.uk/product/al-nassr-away-kids-football-kit-2026-27/,"Other Leagues, Al Nassr, Best Selling, Shop by League",yes,2026-09-03 11:45,wp
KFK,245847,KFK_Redtrophy_AW_KD_CHIESA 14_26/27,Lvr^_^pooI Away Kids Football Kit 2026/27 – CHIESA 14 (With socks),https://kidsfootballkit.co.uk/product/l-p-away-kids-football-kit-2026-27-chiesa-14/,"Lvrp00l, CHIESA 14, Players, Premier League, Shop by League",yes,2026-09-03 11:07,wp
RFS,104361,RFS_AR_HO_AD_No_2006,Retro Argentina Home Replica Football Shirt 2006,https://replicafootballshirt.com/product/retro-argentina-home-replica-football-shirt-2007/,"Argentina, International Teams, Retro Argentina, Retro Shirts & Kits, SOUTH AMERICA",yes,2026-09-30 15:28,wp
RFS,104355,RFS_AS_AW_AD_No_11/12,Retro Arsenal Away Men Replica Football Shirt 2011/12,https://replicafootballshirt.com/product/retro-arsenal-away-men-replica-football-shirt-2011-12/,"Premier League, Arsenal, Retro Arsenal",yes,2026-09-30 15:25,wp
RFS,104343,RFS_BM_AW_WM_No_26/27,Bayern Munich Away Women Replica Football Shirt 2026/27,https://replicafootballshirt.com/product/bayern-munich-away-women-replica-football-shirt-2026-27/,"Bayern Munich, Bundesliga",yes,2026-09-30 15:18,wp
RFS,104337,RFS_BM_HO_WM_No_26/27,Bayern Munich Home Women Replica Football Shirt 2026/27,https://replicafootballshirt.com/product/bayern-munich-home-women-replica-football-shirt-2026-27/,"Bayern Munich, Bundesliga",yes,2026-09-30 15:15,wp
RFS,104319,RFS_Redtrophy_THLV_AD_No_26/27,Liverpool Third Men Replica Football Shirt 2026/27 Long Sleeve,https://replicafootballshirt.com/product/liverpool-third-men-replica-football-shirt-2026-27-long-sleeve/,"Trophy Fan, Premier League",yes,2026-09-30 14:36,wp
RFS,104313,RFS_MU_TH_AD_No_19/20,Retro Manchester United Third Men Replica Football Shirt 2019/20,https://replicafootballshirt.com/product/retro-manchester-united-third-men-replica-football-shirt-2019-20/,"Retro Manchester United, Retro Shirts & Kits",yes,2026-09-30 14:33,wp
RFS,104307,RFS_PSG_AW_AD_No_04/05,Retro Paris Saint Germain Away Men Replica Football Shirt 2004/05,https://replicafootballshirt.com/product/retro-paris-saint-germain-away-men-replica-football-shirt-2004-05/,"Ligue 1, Retro Shirts & Kits",yes,2026-09-30 14:26,wp
RFS,104301,RFS_PSG_HO_AD_No_04/05,Retro Paris Saint Germain Home Men Replica Football Shirt 2004/05,https://replicafootballshirt.com/product/retro-paris-saint-germain-home-men-replica-football-shirt-2004-05/,"Ligue 1, Retro Shirts & Kits",yes,2026-09-30 14:23,wp
RFS,104295,RFS_PSG_TH_AD_No_17/18,Retro Paris Saint Germain Third Men Replica Football Shirt 2017/18,https://replicafootballshirt.com/product/retro-paris-saint-germain-third-men-replica-football-shirt-2017-18/,Ligue 1,yes,2026-09-30 14:20,wp
RFS,104289,RFS_PSG_AW_AD_No_17/18,Retro Paris Saint Germain Away Men Replica Football Shirt 2017/18,https://replicafootballshirt.com/product/retro-paris-saint-germain-away-men-replica-football-shirt-2017-18/,Ligue 1,yes,2026-09-30 14:15,wp
RFS,104283,RFS_AS_HO_AD_No_2008/10,Retro Arsenal Home Men Replica Football Shirt 2008/10,https://replicafootballshirt.com/product/retro-arsenal-home-men-replica-football-shirt-2008-10/,"Premier League, Arsenal, Retro Arsenal",yes,2026-09-30 14:07,wp
RFS,104269,RFS_AR_HOLV_AD_No_2006,Retro Argentina Home Replica Football Shirt 2006 Long Sleeve,https://replicafootballshirt.com/product/retro-argentina-home-replica-football-shirt-2006-long-sleeve/,"Argentina, International Teams, Retro Argentina, Retro Shirts & Kits, SOUTH AMERICA",yes,2026-09-30 13:53,wp
RFS,104245,RFS_MU_HO_AD_No_19/20,Retro Manchester United Home Men Replica Football Shirt 2019/20,https://replicafootballshirt.com/product/retro-manchester-united-home-men-replica-football-shirt-2019-20/,"Retro Manchester United, Retro Shirts & Kits",yes,2026-09-29 10:54,wp
RFS,104239,RFS_MU_HOLV_AD_No_92/94,Retro Manchester United Home Men Replica Football Shirt 1992/94 Long Sleeve,https://replicafootballshirt.com/product/retro-manchester-united-home-men-replica-football-shirt-1992-94-long-sleeve/,"Retro Manchester United, Retro Shirts & Kits",yes,2026-09-29 10:49,wp
RFS,104233,RFS_MU_AW_AD_No_2005/06,Retro Manchester United Away Men Replica Football Shirt 2005/06,https://replicafootballshirt.com/product/retro-manchester-united-away-men-replica-football-shirt-2005-06/,"Retro Manchester United, Retro Shirts & Kits",yes,2026-09-29 10:45,wp
RFS,104227,RFS_PSG_AW_AD_No_18/19,Retro Paris Saint Germain Away Men Replica Football Shirt 2018/19,https://replicafootballshirt.com/product/retro-paris-saint-germain-away-men-replica-football-shirt-2018-19/,Ligue 1,yes,2026-09-29 10:41,wp
RFS,104218,RFS_PSG_HOLV_AD_No_17/18,Retro Paris Saint Germain Home Men Replica Football Shirt 2017/18 Long Sleeve,https://replicafootballshirt.com/product/retro-paris-saint-germain-home-men-replica-football-shirt-2017-18-long-sleeve/,"Ligue 1, Retro Shirts & Kits",yes,2026-09-29 03:26,wp
RFS,104212,RFS_PSG_HO_AD_No_17/18,Retro Paris Saint Germain Home Men Replica Football Shirt 2017/18,https://replicafootballshirt.com/product/retro-paris-saint-germain-home-men-replica-football-shirt-2017-18/,"Ligue 1, Retro Shirts & Kits",yes,2026-09-29 03:16,wp
RFS,104206,RFS_CP_AW_AD_No_26/27,Crystal Palace Away Men Replica Football Shirt 2026/27,https://replicafootballshirt.com/product/crystal-palace-away-men-replica-football-shirt-2026-27/,"Crystal Palace, Premier League",yes,2026-09-29 02:59,wp
RFS,104126,RFS_MC_PurpleGK_AD_DONNARUMMA 1_26/27,Manchester City DONNARUMMA 1 Purple Goalkeeper Men Replica Football Shirt 2026/27,https://replicafootballshirt.com/product/manchester-city-donnarumma-1-purple-goalkeeper-men-replica-football-shirt-2026-27/,"Manchester City, Gianluigi Donnarumma, Players, Premier League",yes,2026-09-27 16:58,wp
RFS,104120,RFS_MC_OrangeGK_AD_DONNARUMMA 1_26/27,Manchester City DONNARUMMA 1 Orange Goalkeeper Men Replica Football Shirt 2026/27,https://replicafootballshirt.com/product/manchester-city-donnarumma-1-orange-goalkeeper-men-replica-football-shirt-2026-27/,"Manchester City, Gianluigi Donnarumma, Players, Premier League",yes,2026-09-27 16:58,wp
RFS,104114,RFS_MC_GreenGK_AD_DONNARUMMA 1_26/27,Manchester City DONNARUMMA 1 Green Goalkeeper Men Replica Football Shirt 2026/27,https://replicafootballshirt.com/product/manchester-city-donnarumma-1-green-goalkeeper-men-replica-football-shirt-2026-27/,"Manchester City, Gianluigi Donnarumma, Players, Premier League",yes,2026-09-27 16:58,wp
RFS,104106,RFS_MC_OrangeGK_KD_DONNARUMMA 1_26/27,Manchester City DONNARUMMA 1 Orange Goalkeeper Kid Replica Football Kit 2026/27,https://replicafootballshirt.com/product/manchester-city-donnarumma-1-orange-goalkeeper-kid-replica-football-kit-2026-27/,"Manchester City, Gianluigi Donnarumma, Players, Premier League",yes,2026-09-27 16:58,wp
RFS,104098,RFS_MC_GreenGK_KD_DONNARUMMA 1_26/27,Manchester City DONNARUMMA 1 Green Goalkeeper Kid Replica Football Kit 2026/27,https://replicafootballshirt.com/product/manchester-city-donnarumma-1-green-goalkeeper-kid-replica-football-kit-2026-27/,"Manchester City, Gianluigi Donnarumma, Players, Premier League",yes,2026-09-27 16:58,wp
RFS,104075,RFS_PT_AW_AD_No_2022,Retro Portugal Away Men Replica Football Shirt 2022,https://replicafootballshirt.com/product/retro-portugal-away-men-replica-football-shirt-2022/,"EUROPE, International Teams, Portugal, Retro Portugal, Retro Shirts & Kits",yes,2026-09-26 09:44,wp
RFS,104067,RFS_PT_AW_AD_No_2012,Retro Portugal Away Men Replica Football Shirt 2012,https://replicafootballshirt.com/product/retro-portugal-away-men-replica-football-shirt-2012/,"EUROPE, International Teams, Portugal, Retro Portugal, Retro Shirts & Kits",yes,2026-09-26 09:33,wp
RFS,104061,RFS_AH_AW_AD_No_26/27,Al Hilal Away Men Replica Football Shirt 2026/27,https://replicafootballshirt.com/product/al-hilal-away-men-replica-football-shirt-2026-27/,"Top new arrival shirts, Al Hilal, Other Clubs",yes,2026-09-26 09:26,wp
RFS,104055,RFS_AH_HO_AD_No_26/27,Al Hilal Home Men Replica Football Shirt 2026/27,https://replicafootballshirt.com/product/al-hilal-home-men-replica-football-shirt-2026-27/,"Top new arrival shirts, Al Hilal, Other Clubs",yes,2026-09-26 08:53,wp
RFS,104043,RFS_JU_HO_AD_No_19/20,Retro Juventus Home Men Replica Football Shirt 2019/20,https://replicafootballshirt.com/product/retro-juventus-home-men-replica-football-shirt-2019-20/,"Retro Juventus, Retro Shirts & Kits",yes,2026-09-26 08:30,wp
RFS,104037,RFS_JU_TH_AD_No_16/17,Retro Juventus Third Men Replica Football Shirt 2016/17,https://replicafootballshirt.com/product/retro-juventus-third-men-replica-football-shirt-2016-17/,"Retro Juventus, Retro Shirts & Kits",yes,2026-09-26 08:27,wp
RFS,104031,RFS_MU_TH_AD_No_15/16,Retro Manchester United Third Men Replica Football Shirt 2015/16,https://replicafootballshirt.com/product/retro-manchester-united-third-men-replica-football-shirt-2015-16/,"Retro Manchester United, Retro Shirts & Kits",yes,2026-09-26 08:21,wp
RFS,104023,RFS_PT_HO_AD_No_2015,Retro Portugal Away Men Replica Football Shirt 2015,https://replicafootballshirt.com/product/retro-portugal-away-men-replica-football-shirt-2015/,"EUROPE, International Teams, Portugal, Retro Portugal, Retro Shirts & Kits",yes,2026-09-26 03:57,wp
RFS,104017,RFS_PT_HO_AD_No_15/16,Retro Portugal Home Men Replica Football Shirt 2014/15,https://replicafootballshirt.com/product/retro-portugal-home-men-replica-football-shirt-2014-15/,"EUROPE, International Teams, Portugal, Retro Portugal, Retro Shirts & Kits",yes,2026-09-26 03:51,wp
RFS,104011,RFS_PT_HO_AD_No_2016,Retro Portugal Home Men Replica Football Shirt 2016,https://replicafootballshirt.com/product/retro-portugal-home-men-replica-football-shirt-2016/,"EUROPE, International Teams, Portugal, Retro Portugal, Retro Shirts & Kits",yes,2026-09-26 03:45,wp
RFS,104005,RFS_CH_HO_AD_No_14/15,Retro Chelsea Home Men Replica Football Shirt 2022/23,https://replicafootballshirt.com/product/retro-chelsea-home-men-replica-football-shirt-2022-23/,"Retro Chelsea, Retro Shirts & Kits",yes,2026-09-26 03:08,wp
RFS,103999,RFS_ENG_RetroHO_AD_No_2022,Retro England Home Replica Football Shirt 2022,https://replicafootballshirt.com/product/retro-england-home-replica-football-shirt-2023/,"England, EUROPE, International Teams, Retro England, Retro Shirts & Kits",yes,2026-09-26 02:59,wp
RFS,103993,RFS_IM_HO_AD_No_1998/99,Retro Inter Milan Home Men Replica Football Shirt 1998/99,https://replicafootballshirt.com/product/retro-inter-milan-home-men-replica-football-shirt-1998-99/,"Retro Inter Milan, Retro Shirts & Kits",yes,2026-09-26 02:35,wp
RFS,103981,RFS_JU_AW_AD_No_2014/15,Retro Juventus Away Men Replica Football Shirt 2014/15,https://replicafootballshirt.com/product/retro-juventus-away-men-replica-football-shirt-2014-15/,"Retro Juventus, Retro Shirts & Kits",yes,2026-09-26 02:25,wp
RFS,103975,RFS_JU_AW_AD_No_2017/18,Retro Juventus Away Men Replica Football Shirt 2017/18,https://replicafootballshirt.com/product/retro-juventus-away-men-replica-football-shirt-2017-18/,"Retro Juventus, Retro Shirts & Kits",yes,2026-09-26 02:17,wp
RFS,103902,RFS_AN_HO/AWGP_KD_No_26/27,Al Nassr 2026/27 Gift Bundle – Home and Away Fan-Version Kids Football Kits,https://replicafootballshirt.com/product/al-nassr-2026-27-gift-bundle-home-and-away-fan-version-kids-football-kits/,"Al Nassr, Other Clubs, Premier League, 🎁 Birthday Gift Bundles",yes,2026-09-25 16:09,wp
RFS,103879,RFS_ENG_AW_AD_No_2016,Retro England Home Replica Football Shirt 2016,https://replicafootballshirt.com/product/retro-england-home-replica-football-shirt-2016/,"England, EUROPE, International Teams, Retro England, Retro Shirts & Kits",yes,2026-09-24 16:17,wp
RFS,103873,RFS_ENG_HO_AD_No_2022/23,Retro England Home Replica Football Shirt 2022,https://replicafootballshirt.com/product/retro-england-home-replica-football-shirt-2022/,"England, EUROPE, International Teams, Retro England, Retro Shirts & Kits",yes,2026-09-24 16:09,wp
RFS,103867,RFS_JU_AW_AD_No_16/17,Retro Juventus Away Men Replica Football Shirt 2016/17,https://replicafootballshirt.com/product/retro-juventus-away-men-replica-football-shirt-2016-17/,"Retro Juventus, Retro Shirts & Kits",yes,2026-09-24 16:03,wp
RFS,103861,RFS_JU_AW_AD_No_2003/04,Retro Juventus Away Men Replica Football Shirt 2003/04,https://replicafootballshirt.com/product/retro-juventus-away-men-replica-football-shirt-2003-04/,"Retro Juventus, Retro Shirts & Kits",yes,2026-09-24 15:59,wp
RFS,103849,RFS_JU_AW_AD_No_2012/13,Retro Juventus Away Men Replica Football Shirt 2012/13,https://replicafootballshirt.com/product/retro-juventus-away-men-replica-football-shirt-2012-13/,"Retro Juventus, Retro Shirts & Kits",yes,2026-09-24 15:56,wp
RFS,103843,RFS_JU_AW_AD_No_1997/98,Retro Juventus Away Men Replica Football Shirt 1997/98,https://replicafootballshirt.com/product/retro-juventus-away-men-replica-football-shirt-1997-98/,"Retro Juventus, Retro Shirts & Kits",yes,2026-09-24 15:49,wp
RFS,103837,RFS_JU_HO_AD_No_2003/04,Retro Juventus Home Men Replica Football Shirt 2003/04,https://replicafootballshirt.com/product/retro-juventus-home-men-replica-football-shirt-2003-04/,"Retro Juventus, Retro Shirts & Kits",yes,2026-09-24 15:40,wp
RFS,103831,RFS_JU_TH_AD_No_15/16,Retro Juventus Third Men Replica Football Shirt 2015/16,https://replicafootballshirt.com/product/retro-juventus-third-men-replica-football-shirt-2015-16/,"Retro Juventus, Retro Shirts & Kits",yes,2026-09-24 15:36,wp
RFS,103819,RFS_JU_HO_AD_No_15/16,Retro Juventus Home Men Replica Football Shirt 2016/17,https://replicafootballshirt.com/product/retro-juventus-home-men-replica-football-shirt-2016-17/,"Retro Juventus, Retro Shirts & Kits",yes,2026-09-24 15:30,wp
RFS,103813,RFS_JU_TH_AD_No_1999/00,Retro Juventus Third Men Replica Football Shirt 1999/00,https://replicafootballshirt.com/product/retro-juventus-third-men-replica-football-shirt-1999-00/,"Retro Juventus, Retro Shirts & Kits",yes,2026-09-24 15:25,wp
RFS,103807,RFS_SPA_AW_AD_No_2000,Retro Spain Away Men Replica Football Shirt 2000,https://replicafootballshirt.com/product/retro-spain-away-men-replica-football-shirt-2000/,"EUROPE, International Teams, Retro Spain, Spain",yes,2026-09-24 15:21,wp
RFS,103801,RFS_ENG_CoBranded_AD_No_2026,England Co-Branded Edition Men Replica Football Shirt 2026,https://replicafootballshirt.com/product/england-co-branded-edition-men-replica-football-shirt-2026/,England,yes,2026-09-24 15:04,wp
RFS,103795,RFS_EV_TH_AD_No_26/27,Everton Third Men Replica Football Shirt 2026/27,https://replicafootballshirt.com/product/everton-third-men-replica-football-shirt-2026-27/,"Everton, Premier League",yes,2026-09-24 14:56,wp
RFS,103787,RFS_HUC_HOGK_AD_No_26/27,Hull City Home Goalkeeper Men Replica Football Shirt 2026/27,https://replicafootballshirt.com/product/hull-city-home-goalkeeper-men-replica-football-shirt-2026-27/,"Premier League, Hull City",yes,2026-09-24 08:38,wp
RFS,103779,RFS_SU_TH_AD_No_26/27,Sheffield United Third Men Replica Football Shirt 2026/27,https://replicafootballshirt.com/product/sheffield-united-third-men-replica-football-shirt-2026-27/,Sheffield United,yes,2026-09-24 08:25,wp
RFS,103715,RFS_DC_TH_AD_No_26/27,Derby County Third Men Replica Football Shirt 2026/27,https://replicafootballshirt.com/product/derby-county-third-men-replica-football-shirt-2026-27/,"Other Clubs, Derby County",yes,2026-09-23 16:12,wp
RFS,103706,RFS_RM_AW_KD_No_26/27,Real Madrid Away Kid Replica Football Kit 2026/27,https://replicafootballshirt.com/product/real-madrid-away-kid-replica-football-kit-2026-27/,"La Liga, Real Madrid",yes,2026-09-23 02:25,wp
RFS,103625,RFS_ARS_2HOGP_AD_SAKA 7 &#038; RICE 41_26/27,Arsenal 2026/27 Gift Bundle – Home Fan-Version Men Football Shirts – SAKA 7 and RICE 41,https://replicafootballshirt.com/product/arsenal-2026-27-gift-bundle-home-fan-version-men-football-shirts-saka-7-and-rice-41/,"🎁 Birthday Gift Bundles, Arsenal, Bukayo Ayoyinka Temidayo Saka, Declan Rice, Players, Premier League",yes,2026-09-19 16:47,wp
RFS,103617,RFS_CC_TH_AD_No_2026/27,Coventry City Third Men Replica Football Shirt 2026/27,https://replicafootballshirt.com/product/coventry-city-third-men-replica-football-shirt-2026-27/,"Coventry City, Other Clubs",yes,2026-09-18 11:38,wp
RFS,103605,RFS_BW_HO_AD_No_26/27,Bolton Wanderers Home Men Replica Football Shirt 2026/27,https://replicafootballshirt.com/product/bolton-wanderers-home-men-replica-football-shirt-2026-27/,"Other Clubs, Bolton Wanderers",yes,2026-09-18 11:18,wp
RFS,103588,RFS_AV_Pre_AD_No_26/27,Aston Villa Pre Match Replica Football Shirt 2026/27,https://replicafootballshirt.com/product/aston-villa-pre-match-replica-football-shirt-2026-27/,"Aston Villa, Premier League",yes,2026-09-18 08:28,wp
RFS,103581,RFS_STC_AW_AD_No_26/27,Stoke City Away Men Replica Football Shirt 2026/27,https://replicafootballshirt.com/product/stoke-city-away-men-replica-football-shirt-2026-27/,"Other Clubs, Stoke City",yes,2026-09-18 08:20,wp
RFS,103573,RFS_SO_TH_AD_No_26/27,Southampton Third Men Replica Football Shirt 2026/27,https://replicafootballshirt.com/product/southampton-third-men-replica-football-shirt-2026-27/,"Premier League, Southampton",yes,2026-09-18 08:13,wp
RFS,103552,RFS_RM_125thCom_AD_No_26/27,Real Madrid 125th Commemorative Men Replica Football Shirt 2026/27,https://replicafootballshirt.com/product/real-madrid-125th-commemorative-men-replica-football-shirt-2026-27/,"Real Madrid, La Liga",yes,2026-09-15 16:05,wp
RFS,103546,RFS_RM_SE_AD_No_26/27,Real Madrid Special Edition Men Replica Football Shirt 2026/27,https://replicafootballshirt.com/product/real-madrid-special-edition-men-replica-football-shirt-2026-27/,"Real Madrid, La Liga",yes,2026-09-15 15:53,wp
RFS,103533,RFS_PM_TH_AD_No_26/27,Portsmouth Third Men Replica Football Shirt 2026/27,https://replicafootballshirt.com/product/portsmouth-third-men-replica-football-shirt-2026-27/,"Portsmouth, Other Clubs",yes,2026-09-15 15:41,wp
RFS,103527,RFS_NF_TH_AD_No_26/27,Nottingham Forest Third Men Replica Football Shirt 2026/27,https://replicafootballshirt.com/product/nottingham-forest-third-men-replica-football-shirt-2026-27/,"Premier League, Nottingham Forest",yes,2026-09-15 15:37,wp
RFS,103521,RFS_MB_TH_AD_No_26/27,Middlesbrough Third Men Replica Football Shirt 2026/27,https://replicafootballshirt.com/product/middlesbrough-third-men-replica-football-shirt-2026-27/,"Other Clubs, Middlesbrough",yes,2026-09-15 15:32,wp
RFS,103515,RFS_LU_TH_AD_No_26/27,Leeds United Third Men Replica Football Shirt 2026/27,https://replicafootballshirt.com/product/leeds-united-third-men-replica-football-shirt-2026-27/,"Premier League, Leeds United",yes,2026-09-15 15:25,wp
RFS,103509,RFS_LZ_TH_AD_No_26/27,SS Lazio Third Men Replica Football Shirt 2026/27,https://replicafootballshirt.com/product/ss-lazio-third-men-replica-football-shirt-2026-27/,"Lazio, Serie A",yes,2026-09-14 16:31,wp
RFS,103497,RFS_LZ_HO_AD_No_26/27,SS Lazio Home Men Replica Football Shirt 2026/27,https://replicafootballshirt.com/product/ss-lazio-home-men-replica-football-shirt-2026-27/,"Lazio, Serie A",yes,2026-09-14 16:19,wp
RFS,103490,RFS_GSK_TH_AD_No_26/27,Galatasaray Third Men Replica Football Shirt 2026/27,https://replicafootballshirt.com/product/galatasaray-third-men-replica-football-shirt-2026-27/,"Galatasaray, Other Clubs",yes,2026-09-14 16:15,wp
RFS,103484,RFS_GSK_AW_AD_No_26/27,Galatasaray Away Men Replica Football Shirt 2026/27,https://replicafootballshirt.com/product/galatasaray-away-men-replica-football-shirt-2026-27/,"Galatasaray, Other Clubs",yes,2026-09-14 16:12,wp
RFS,103478,RFS_GSK_HO_AD_No_26/27,Galatasaray Home Men Replica Football Shirt 2026/27,https://replicafootballshirt.com/product/galatasaray-home-men-replica-football-shirt-2026-27/,"Galatasaray, Other Clubs",yes,2026-09-14 16:07,wp
RFS,103362,RFS_TO_PINKGK_AD_KINSKY 11_26/27,Tottenham Hotspur KINSKY 11 Pink Goalkeeper Men Replica Football Shirt 2026/27,https://replicafootballshirt.com/product/tottenham-hotspur-kinsky-11-pink-goalkeeper-men-replica-football-shirt-2026-27/,"Premier League, Antonín Kinský, Players, Tottenham Hotspur",yes,2026-09-11 10:15,wp
RFS,103279,RFS_AN&#038;INM_2HOGP_AD_RONALDO 7 &#038; MESSI 10_26/27,Inter Miami and Al Nassr 2026/27 Gift Bundle – Home Fan-Version Men Football Shirts – RONALDO 7 and MESSI 10,https://replicafootballshirt.com/product/inter-miami-and-al-nassr-2026-27-gift-bundle-home-fan-version-men-football-shirts-ronaldo-7-and-messi-10/,"🎁 Birthday Gift Bundles, Al Nassr, Cristiano Ronaldo, Inter Miami, Lionel Messi (30), Other Clubs, Players",yes,2026-09-09 11:34,wp
RFS,103268,RFS_AS_AWTHGP_AD_No_26/27,Arsenal 2026/27 Gift Bundle – Away & Third Fan-Version Men Football Shirts,https://replicafootballshirt.com/product/arsenal-2026-27-gift-bundle-away-third-fan-version-men-football-shirts/,"🎁 Birthday Gift Bundles, Arsenal, Premier League",yes,2026-09-09 11:24,wp
RFS,103257,RFS_AS_HOTHGP_AD_No_26/27,Arsenal 2026/27 Gift Bundle – Home & Third Fan-Version Men Football Shirts,https://replicafootballshirt.com/product/arsenal-2026-27-gift-bundle-home-third-fan-version-men-football-shirts/,"🎁 Birthday Gift Bundles, Arsenal, Premier League",yes,2026-09-09 11:18,wp
RFS,103246,RFS_AS_HOAWGP_AD_No_26/27,Arsenal 2026/27 Gift Bundle – Home & Away Fan-Version Men Football Shirts,https://replicafootballshirt.com/product/arsenal-2026-27-gift-bundle-home-away-fan-version-men-football-shirts/,"🎁 Birthday Gift Bundles, Arsenal, Premier League",yes,2026-09-09 11:10,wp
RFS,103202,RFS_EV_AWTHGP_AD_No_26/27,Everton 2026/27 Gift Bundle – Away & Third Fan-Version Men Football Shirts,https://replicafootballshirt.com/product/everton-2026-27-gift-bundle-away-third-fan-version-men-football-shirts/,"🎁 Birthday Gift Bundles, Everton, Premier League",yes,2026-09-09 10:04,wp
RFS,103191,RFS_EV_HOTHGP_AD_No_26/27,Everton 2026/27 Gift Bundle – Home & Third Fan-Version Men Football Shirts,https://replicafootballshirt.com/product/everton-2026-27-gift-bundle-home-third-fan-version-men-football-shirts/,"🎁 Birthday Gift Bundles, Everton, Premier League",yes,2026-09-09 09:57,wp
RFS,103180,RFS_EV_HOAWGP_AD_No_26/27,Everton 2026/27 Gift Bundle – Home & Away Fan-Version Men Football Shirts,https://replicafootballshirt.com/product/everton-2026-27-gift-bundle-home-away-fan-version-men-football-shirts/,"🎁 Birthday Gift Bundles, Everton, Premier League",yes,2026-09-09 09:46,wp
RFS,103169,RFS_INM_AWTHGP_AD_No_26/27,Inter Miami 2026/27 Gift Bundle – Away & Third Fan-Version Men Football Shirts,https://replicafootballshirt.com/product/inter-miami-2026-27-gift-bundle-away-third-fan-version-men-football-shirts/,"🎁 Birthday Gift Bundles, Inter Miami, Other Clubs",yes,2026-09-09 09:42,wp
RFS,103158,RFS_INM_HOTHGP_AD_No_26/27,Inter Miami 2026/27 Gift Bundle – Home & Third Fan-Version Men Football Shirts,https://replicafootballshirt.com/product/inter-miami-2026-27-gift-bundle-home-third-fan-version-men-football-shirts/,"🎁 Birthday Gift Bundles, Inter Miami, Other Clubs",yes,2026-09-09 09:39,wp
RFS,103147,RFS_INM_HOAWGP_AD_No_26/27,Inter Miami 2026/27 Gift Bundle – Home & Away Fan-Version Men Football Shirts,https://replicafootballshirt.com/product/inter-miami-2026-27-gift-bundle-home-away-fan-version-men-football-shirts/,"🎁 Birthday Gift Bundles, Inter Miami, Other Clubs",yes,2026-09-09 09:32,wp
RFS,103136,RFS_LU_AWTHGP_AD_No_26/27,Leeds United 2026/27 Gift Bundle – Away & Third Fan-Version Men Football Shirts,https://replicafootballshirt.com/product/leeds-united-2026-27-gift-bundle-away-third-fan-version-men-football-shirts/,"🎁 Birthday Gift Bundles, Leeds United, Premier League",yes,2026-09-09 09:24,wp
RFS,103125,RFS_LU_HOAWGP_AD_No_26/27,Leeds United 2026/27 Gift Bundle – Home & Away Fan-Version Men Football Shirts,https://replicafootballshirt.com/product/leeds-united-2026-27-gift-bundle-home-away-fan-version-men-football-shirts/,"🎁 Birthday Gift Bundles, Leeds United, Premier League",yes,2026-09-09 09:06,wp
RFS,103114,RFS_LU_HOTHGP_AD_No_26/27,Leeds United 2026/27 Gift Bundle – Home & Third Fan-Version Men Football Shirts,https://replicafootballshirt.com/product/leeds-united-2026-27-gift-bundle-home-third-fan-version-men-football-shirts/,"🎁 Birthday Gift Bundles, Leeds United, Premier League",yes,2026-09-09 08:58,wp
RFS,103103,RFS_MC_AWTHGP_AD_No_26/27,Manchester City 2026/27 Gift Bundle – Away & Third Fan-Version Men Football Shirts,https://replicafootballshirt.com/product/manchester-city-2026-27-gift-bundle-away-third-fan-version-men-football-shirts/,"🎁 Birthday Gift Bundles, Manchester City, Premier League",yes,2026-09-09 04:22,wp
RFS,103092,RFS_MC_HOTHGP_AD_No_26/27,Manchester City 2026/27 Gift Bundle – Home & Third Fan-Version Men Football Shirts,https://replicafootballshirt.com/product/manchester-city-2026-27-gift-bundle-home-third-fan-version-men-football-shirts/,"🎁 Birthday Gift Bundles, Manchester City, Premier League",yes,2026-09-09 04:12,wp
RFS,103081,RFS_MC_HOAWGP_AD_No_26/27,Manchester City 2026/27 Gift Bundle – Home & Away Fan-Version Men Football Shirts,https://replicafootballshirt.com/product/manchester-city-2026-27-gift-bundle-home-away-fan-version-men-football-shirts/,"🎁 Birthday Gift Bundles, Manchester City, Premier League",yes,2026-09-09 01:56,wp
RFS,103070,RFS_RM_AWTHGP_AD_No_26/27,Real Madrid 2026/27 Gift Bundle – Away & Third Fan-Version Men Football Shirts,https://replicafootballshirt.com/product/real-madrid-2026-27-gift-bundle-away-third-fan-version-men-football-shirts/,"🎁 Birthday Gift Bundles, La Liga",yes,2026-09-09 01:51,wp
RFS,103059,RFS_RM_HOTHGP_AD_No_26/27,Real Madrid 2026/27 Gift Bundle – Home & Third Fan-Version Men Football Shirts,https://replicafootballshirt.com/product/real-madrid-2026-27-gift-bundle-home-third-fan-version-men-football-shirts/,"🎁 Birthday Gift Bundles, La Liga",yes,2026-09-09 01:42,wp
RFS,103048,RFS_RM_HOAWGP_AD_No_26/27,Real Madrid 2026/27 Gift Bundle – Home & Away Fan-Version Men Football Shirts,https://replicafootballshirt.com/product/real-madrid-2026-27-gift-bundle-home-away-fan-version-men-football-shirts/,"🎁 Birthday Gift Bundles, La Liga",yes,2026-09-09 01:30,wp
RFS,103037,RFS_NAP_AWTHGP_AD_No_26/27,SSC Napoli 2026/27 Gift Bundle – Away & Third Fan-Version Men Football Shirts,https://replicafootballshirt.com/product/ssc-napoli-2026-27-gift-bundle-away-third-fan-version-men-football-shirts/,"🎁 Birthday Gift Bundles, Serie A, SSC Napoli",yes,2026-09-08 16:24,wp
RFS,103026,RFS_NAP_HOTHGP_AD_No_26/27,SSC Napoli 2026/27 Gift Bundle – Home & Third Fan-Version Men Football Shirts,https://replicafootballshirt.com/product/ssc-napoli-2026-27-gift-bundle-home-third-fan-version-men-football-shirts/,"🎁 Birthday Gift Bundles, Serie A, SSC Napoli",yes,2026-09-08 16:20,wp
RFS,103015,RFS_NAP_HOAWGP_AD_No_26/27,SSC Napoli 2026/27 Gift Bundle – Home & Away Fan-Version Men Football Shirts,https://replicafootballshirt.com/product/ssc-napoli-2026-27-gift-bundle-home-away-fan-version-men-football-shirts/,"🎁 Birthday Gift Bundles, Serie A, SSC Napoli",yes,2026-09-08 16:14,wp
RFS,103004,RFS_TOT_AWTHGP_AD_No_26/27,Tottenham Hotspur 2026/27 Gift Bundle – Away & Third Fan-Version Men Football Shirt,https://replicafootballshirt.com/product/tottenham-hotspur-2026-27-gift-bundle-away-third-fan-version-men-football-shirt/,"🎁 Birthday Gift Bundles, Premier League, Tottenham Hotspur",yes,2026-09-08 15:33,wp
RFS,102993,RFS_TOT_HOTHGP_AD_No_26/27,Tottenham Hotspur 2026/27 Gift Bundle – Home & Third Fan-Version Men Football Shirt,https://replicafootballshirt.com/product/tottenham-hotspur-2026-27-gift-bundle-home-third-fan-version-men-football-shirt/,"🎁 Birthday Gift Bundles, Premier League, Tottenham Hotspur",yes,2026-09-08 15:33,wp
RFS,102982,RFS_TOT_HOAWGP_AD_No_26/27,Tottenham Hotspur 2026/27 Gift Bundle – Home & Away Fan-Version Men Football Shirt,https://replicafootballshirt.com/product/tottenham-hotspur-2026-27-gift-bundle-home-away-fan-version-men-football-shirt/,"🎁 Birthday Gift Bundles, Premier League, Tottenham Hotspur",yes,2026-09-08 15:13,wp
RFS,102971,RFS_ACM_AWTHGP_AD_No_26/27,AC Milan 2026/27 Gift Bundle – Away & Third Fan-Version Men Football Shirts,https://replicafootballshirt.com/product/ac-milan-2026-27-gift-bundle-away-third-fan-version-men-football-shirts/,"🎁 Birthday Gift Bundles, AC Milan, Serie A",yes,2026-09-08 08:07,wp
RFS,102960,RFS_ACM_HOTHGP_AD_No_26/27,AC Milan 2026/27 Gift Bundle – Home & Third Fan-Version Men Football Shirts,https://replicafootballshirt.com/product/ac-milan-2026-27-gift-bundle-home-third-fan-version-men-football-shirts/,"🎁 Birthday Gift Bundles, AC Milan, Serie A",yes,2026-09-08 08:01,wp
RFS,102948,RFS_ACM_HOAWGP_AD_No_26/27,AC Milan 2026/27 Gift Bundle – Home & Away Fan-Version Men Football Shirts,https://replicafootballshirt.com/product/ac-milan-2026-27-gift-bundle-home-away-fan-version-men-football-shirts/,"🎁 Birthday Gift Bundles, AC Milan, Serie A",yes,2026-09-08 07:48,wp
RFS,102936,RFS_AN_AWTHGP_AD_No_26/27,Al Nassr 2026/27 Gift Bundle – Away & Third Fan-Version Men Football Shirts,https://replicafootballshirt.com/product/al-nassr-2026-27-gift-bundle-away-third-fan-version-men-football-shirts/,"🎁 Birthday Gift Bundles, Al Nassr, Other Clubs",yes,2026-09-08 01:50,wp
RFS,102925,RFS_AN_HOTHGP_AD_No_26/27,Al Nassr 2026/27 Gift Bundle – Home & Third Fan-Version Men Football Shirts,https://replicafootballshirt.com/product/al-nassr-2026-27-gift-bundle-home-third-fan-version-men-football-shirts/,"🎁 Birthday Gift Bundles, Al Nassr, Other Clubs",yes,2026-09-08 01:50,wp
RFS,102913,RFS_AN_HOAWGP_AD_No_26/27,Al Nassr 2026/27 Gift Bundle – Home & Away Fan-Version Men Football Shirts,https://replicafootballshirt.com/product/al-nassr-2026-27-gift-bundle-home-away-fan-version-men-football-shirts/,"🎁 Birthday Gift Bundles, Al Nassr, Other Clubs",yes,2026-09-07 16:21,wp
RFS,102866,RFS_EV_TH_AD_GREALISH 10_26/27,Everton GREALISH 10 Third Men Replica Football Shirt 2026/27,https://replicafootballshirt.com/product/everton-grealish-10-third-men-replica-football-shirt-2026-27/,"Everton, Jack Grealish's, Players, Premier League",yes,2026-09-07 15:55,wp
RFS,102860,RFS_EV_AW_AD_GREALISH 10_26/27,Everton GREALISH 10 Away Men Replica Football Shirt 2026/27,https://replicafootballshirt.com/product/everton-grealish-10-away-men-replica-football-shirt-2026-27/,"Everton, Jack Grealish's, Players, Premier League",yes,2026-09-07 15:55,wp
RFS,102851,RFS_EV_HO_AD_GREALISH 10_26/27,Everton GREALISH 10 Home Men Replica Football Shirt 2026/27,https://replicafootballshirt.com/product/everton-grealish-10-home-men-replica-football-shirt-2026-27/,"Everton, Jack Grealish's, Players, Premier League",yes,2026-09-07 15:45,wp
RFS,102831,RFS_ACM_TH_AD_HUTCHINSON 20_26/27,AC Milan HUTCHINSON 20 Third Men Replica Football Shirt 2026/27,https://replicafootballshirt.com/product/ac-milan-hutchinson-20-third-men-replica-football-shirt-2026-27/,"AC Milan, Omari Hutchinson, Players, Serie A",yes,2026-09-05 08:09,wp
RFS,102825,RFS_ACM_AW_AD_HUTCHINSON 20_26/27,AC Milan HUTCHINSON 20 Away Men Replica Football Shirt 2026/27,https://replicafootballshirt.com/product/ac-milan-hutchinson-20-away-men-replica-football-shirt-2026-27/,"AC Milan, Omari Hutchinson, Players, Serie A",yes,2026-09-05 08:05,wp
RFS,102819,RFS_ACM_HO_AD_HUTCHINSON 20_26/27,AC Milan HUTCHINSON 20 Home Men Replica Football Shirt 2026/27,https://replicafootballshirt.com/product/ac-milan-hutchinson-20-home-men-replica-football-shirt-2026-27/,"AC Milan, Omari Hutchinson, Players, Serie A",yes,2026-09-05 08:01,wp
RFK,127269,RFK_WO_TH_AD_No_26/27,Wolves Third Men Replica Football Shirt 2026/27,https://replicafootballkits.com/product/wolves-third-men-replica-football-shirt-2026-27/,"Premier League, New Arrivals 26/27, Wolves",yes,2026-10-02 06:59,wp+diff
RFK,127256,RFK_NC_GGK_AD_No_26/27,Newcastle Green Goalkeeper Men Replica Football Shirt 2026/27,https://replicafootballkits.com/product/nwstl-green-goalkeeper-men-replica-football-shirt-2026-27/,"Premier League, New Arrivals 26/27, Newcastle",yes,2026-10-02 06:49,wp+diff
RFK,127243,RFK_BA_SPID_AD_No_26/27,Barcelona Spider Edition Men Replica Football Shirt 2026/27,https://replicafootballkits.com/product/brclna-spider-edition-men-replica-football-shirt-2026-27/,"Barcelona, La Liga, New Arrivals 26/27",yes,2026-10-02 06:29,wp+diff
RFK,127231,RFK_ENG_CE_AD_No_2026,England Co-branded Edition Men Replica Football Shirt 2026,https://replicafootballkits.com/product/e-n-co-branded-edition-men-replica-football-shirt-2026/,"National Teams, England, EUROPE, Other Clubs",yes,2026-10-02 06:18,wp+diff
RFK,127215,RFK_HC_GK_AD_No_26/27,Hull City Goalkeeper Men Replica Football Shirt 2026/27,https://replicafootballkits.com/product/hull-city-goalkeeper-men-replica-football-shirt-2026-27/,"Hull City, New Arrivals 26/27, Premier League",yes,2026-10-02 05:32,wp+diff
RFK,127199,RFK_ARG_COE_KD_MESSI 10_2026,Argentina MESSI 10 Commemorative Edition Kid Replica Football Kit 2026,https://replicafootballkits.com/product/argentina-messi-10-commemorative-edition-kid-replica-football-kit-2026/,"National Teams, Argentina, Messi 10, Popular Players, SOUTH AMERICA",yes,2026-10-01 10:00,wp
RFK,127104,RFK_VLC_TH_KD_No_26/27,Valencia Third Kid Replica Football Kit 2026/27,https://replicafootballkits.com/product/valencia-third-kid-replica-football-kit-2026-27/,"Valencia, New Arrivals 26/27, Other Clubs",yes,2026-09-23 04:37,wp
RFK,127091,RFK_AJ_GK_KD_No_26/27,Ajax Goalkeeper Kid Replica Football Kit 2026/27,https://replicafootballkits.com/product/aj-goalkeeper-kid-replica-football-kit-2026-27/,"Ajax, New Arrivals 26/27, Other Clubs",yes,2026-09-23 04:31,wp
RFK,127064,RFK_RM_AWLS_KD_No_26/27,Real Madrid Away Kid Replica Football Kit 2026/27 Long Sleeve,https://replicafootballkits.com/product/rl-md-away-kid-replica-football-kit-2026-27-long-sleeve/,"Real Madrid, La Liga, New Arrivals 26/27",yes,2026-09-23 03:54,wp
RFK,127012,RFK_NC_GRGK_KD_No_26/27,Newcastle Grey Goalkeeper Kid Replica Football Kit 2026/27,https://replicafootballkits.com/product/nwstl-grey-goalkeeper-kid-replica-football-kit-2026-27/,"Newcastle, New Arrivals 26/27, Premier League",yes,2026-09-23 03:24,wp
RFK,126985,RFK_PALE_AW_KD_No_26/27,Palermo Away Kid Replica Football Kit 2026/27,https://replicafootballkits.com/product/palermo-away-kid-replica-football-kit-2026-27/,"Other Clubs, New Arrivals 26/27, Palermo",yes,2026-09-23 03:11,wp
RFK,126971,RFK_AS_LPGK_KD_No_26/27,Arsn@l Light Purple Goalkeeper Kid Replica Football Kit 2026/27,https://replicafootballkits.com/product/arsnl-light-purple-goalkeeper-kid-replica-football-kit-2026-27/,"Premier League, Arsn@l, New Arrivals 26/27",yes,2026-09-23 03:03,wp
RFK,126954,RFK_CH_OGK_KD_No_26/27,Chelsea Orange Goalkeeper Kid Replica Football Kit 2026/27,https://replicafootballkits.com/product/c-s-orange-goalkeeper-kid-replica-football-kit-2026-27/,"Chelsea, New Arrivals 26/27, Premier League",yes,2026-09-22 16:50,wp
RFK,126941,RFK_AV_GGK_KD_No_26/27,Aston Villa Green Goalkeeper Kid Replica Football Kit 2026/27,https://replicafootballkits.com/product/as-vi-greenn-goalkeeper-kid-replica-football-kit-2026-27/,"Aston Villa, New Arrivals 26/27, Premier League",yes,2026-09-22 16:44,wp
RFK,126926,RFK_AV_GREGK_KD_No_26/27,Aston Villa Grey Goalkeeper Kid Replica Football Kit 2026/27,https://replicafootballkits.com/product/as-vi-grey-goalkeeper-kid-replica-football-kit-2026-27/,"Aston Villa, New Arrivals 26/27, Premier League",yes,2026-09-22 16:40,wp
RFK,126902,RFK_BA_GK_KD_No_26/27,Barcelona Goalkeeper Kid Replica Football Kit 2026/27,https://replicafootballkits.com/product/brclna-goalkeeper-kid-replica-football-kit-2026-27/,"Barcelona, La Liga, New Arrivals 26/27",yes,2026-09-22 16:24,wp
RFK,126878,RFK_BFC_TH_KD_No_26/27,Benfica Third Kid Replica Football Kit 2026/27,https://replicafootballkits.com/product/benfica-third-kid-replica-football-kit-2026-27/,"Benfica, New Arrivals 26/27, Other Clubs",yes,2026-09-22 08:21,wp
RFK,126839,RFK_OLM_TH_KD_No_26/27,Olympique Marseille Third Kid Replica Football Kit 2026/27,https://replicafootballkits.com/product/olympique-marseille-third-kid-replica-football-kit-2026-27/,"Ligue 1, New Arrivals 26/27, Olympique Marseille",yes,2026-09-22 05:20,wp
RFK,126813,RFK_RS_HO_KD_No_26/27,Real Sociedad Home Kid Replica Football Kit 2026/27,https://replicafootballkits.com/product/real-sociedad-home-kid-replica-football-kit-2026-27/,"La Liga, Real Sociedad",yes,2026-09-22 04:28,wp
RFK,126799,RFK_SWD_HO_KD_No_26/27,Sheffield Wednesday Home Kid Replica Football Kit 2026/27,https://replicafootballkits.com/product/sheffield-wednesday-home-kid-replica-football-kit-2026-27/,"Sheffield Wednesday, New Arrivals 26/27, Other Clubs",yes,2026-09-22 04:08,wp
RFK,126748,RFK_RCL_TH_KD_No_26/27,RC Lens Third Kid Replica Football Kit 2026/27,https://replicafootballkits.com/product/rc-lens-third-kid-replica-football-kit-2026-27/,"Other Clubs, New Arrivals 26/27, RC Lens",yes,2026-09-22 03:32,wp
RFK,126651,RFK_NC_GGK_KD_No_26/27,Newcastle Green Goalkeeper Kid Replica Football Kit 2026/27,https://replicafootballkits.com/product/nwstl-green-goalkeeper-kid-replica-football-kit-2026-27/,"Newcastle, New Arrivals 26/27, Premier League",yes,2026-09-20 08:34,wp
RFK,126635,RFK_AS_GGK_KD_No_26/27,Arsn@l Green Goalkeeper Kid Replica Football Kit 2026/27,https://replicafootballkits.com/product/arsnl-green-goalkeeper-kid-replica-football-kit-2026-27/,"Premier League, Arsn@l",yes,2026-09-20 08:22,wp
RFK,126578,RFK_ARS_GP3_KD_No_26/27,"Arsn@l 2026/27 Full Kit Gift Set – Home, Away and Third Kid Replica Football Kits",https://replicafootballkits.com/product/arsnl-2026-27-full-kit-gift-set-home-away-and-third-kid-replica-football-kits/,"Birthday Gift Packs, Arsn@l, New Arrivals 26/27, Premier League",yes,2026-09-19 08:25,wp
RFK,126558,RFK_ARS_GP_KD_SAKA 7 RICE 41_26/27,Arsn@l SAKA 7 & RICE 41 2026/27 Full Kit Gift Set – Home Kid Replica Football Kits (With Socks),https://replicafootballkits.com/product/arsnl-saka-7-rice-41-2026-27-full-kit-gift-set-home-kid-replica-football-kits/,"Birthday Gift Packs, Arsn@l, Popular Players, Premier League, RICE 41, Saka 7",yes,2026-09-18 14:44,wp
RFK,126544,RFK_ARS_GP_AD_SAKA 7 RICE 41_26/27,Arsn@l SAKA 7 & RICE 41 2026/27 Full Shirt Gift Set – Home Men Replica Football Shirts,https://replicafootballkits.com/product/arsnl-saka-7-rice-41-2026-27-full-shirt-gift-set-home-men-replica-football-shirts/,"Birthday Gift Packs, Arsn@l, Popular Players, Premier League, RICE 41, Saka 7",yes,2026-09-18 14:20,wp
RFK,126524,RFK_MC_GP_KD_HAALAND 9 ENZO 17_26/27,Manchester City HAALAND 9 & ENZO 17 2026/27 Full Kit Gift Set – Home Kid Replica Football Kits (With Socks),https://replicafootballkits.com/product/m-c-haaland-9-enzo-17-2026-27-full-kit-gift-set-home-kid-replica-football-kits/,"Birthday Gift Packs, Manchester City, Premier League",yes,2026-09-18 14:06,wp
RFK,126502,RFK_MC_GP_AD_HAALAND 9 ENZO 17_26/27,Manchester City HAALAND 9 & ENZO 17 2026/27 Full Shirt Gift Set – Home Men Replica Football Shirts,https://replicafootballkits.com/product/m-c-haaland-9-enzo-17-2026-27-full-shirt-gift-set-home-men-replica-football-shirts/,"Birthday Gift Packs, Manchester City, Premier League",yes,2026-09-18 10:04,wp
RFK,126464,RFK_SH_TH_KD_No_26/27,Sunderland Third Kid Replica Football Kit 2026/27,https://replicafootballkits.com/product/sunderland-third-kid-replica-football-kit-2026-27/,"Premier League, New Arrivals 26/27, Sunderland",yes,2026-09-16 17:08,wp
RFK,126435,RFK_NF_AW_KD_No_26/27,Nottingham Forest Away Kid Replica Football Kit 2026/27,https://replicafootballkits.com/product/nottingham-forest-away-kid-replica-football-kit-2026-27/,"Nottingham Forest, New Arrivals 26/27, Premier League",yes,2026-09-16 16:59,wp
RFK,126424,RFK_RO_AW_KD_No_26/27,Real Oviedo Away Kid Replica Football Kit 2026/27,https://replicafootballkits.com/product/real-oviedo-away-kid-replica-football-kit-2026-27/,"Other Clubs, New Arrivals 26/27, Real Oviedo",yes,2026-09-16 16:56,wp
RFK,126412,RFK_RO_HO_KD_No_26/27,Real Oviedo Home Kid Replica Football Kit 2026/27,https://replicafootballkits.com/product/real-oviedo-home-kid-replica-football-kit-2026-27/,"Other Clubs, New Arrivals 26/27, Real Oviedo",yes,2026-09-16 16:48,wp
RFK,126398,RFK_BRC_HO_KD_No_26/27,Bristol City Home Kid Replica Football Kit 2026/27,https://replicafootballkits.com/product/bristol-city-home-kid-replica-football-kit-2026-27/,"Other Clubs, Bristol City, New Arrivals 26/27",yes,2026-09-16 16:36,wp
RFK,126384,RFK_DC_AW_KD_No_26/27,Derby County Away Kid Replica Football Kit 2026/27,https://replicafootballkits.com/product/derby-county-away-kid-replica-football-kit-2026-27/,"Other Clubs, Derby County",NO,2026-09-16 16:29,wp
RFK,126358,RFK_STK_HO_KD_No_26/27,Stoke City Home Kid Replica Football Kit 2026/27,https://replicafootballkits.com/product/stoke-city-home-kid-replica-football-kit-2026-27/,"Other Clubs, Stoke City",yes,2026-09-16 15:24,wp
RFK,126341,RFK_STK_AW_KD_No_26/27,Stoke City Away Kid Replica Football Kit 2026/27,https://replicafootballkits.com/product/stoke-city-away-kid-replica-football-kit-2026-27/,"Other Clubs, Stoke City",yes,2026-09-16 15:15,wp
RFK,126332,RFK_RB_TH_KD_No_26/27,Real Betis Third Kid Replica Football Kit 2026/27,https://replicafootballkits.com/product/real-betis-third-kid-replica-football-kit-2026-27/,"Real Betis, La Liga, New Arrivals 26/27",yes,2026-09-16 15:12,wp
RFK,126311,RFK_RB_AW_KD_No_26/27,Real Betis Away Kid Replica Football Kit 2026/27,https://replicafootballkits.com/product/real-betis-away-kid-replica-football-kit-2026-27/,"Real Betis, La Liga, New Arrivals 26/27",yes,2026-09-16 15:06,wp
RFK,126271,RFK_ENG_HO_KD_No_1982,Retro England Home Kid Replica Football Kit 1982,https://replicafootballkits.com/product/retro-e-n-home-kid-replica-football-kit-1982/,"England, EUROPE, National Teams, Other Clubs, Retro England, Retro Shirts & Kits",yes,2026-09-16 14:47,wp
RFK,126257,RFK_WO_AW_KD_No_26/27,Wolves Away Kid Replica Football Kit 2026/27,https://replicafootballkits.com/product/wolves-away-kid-replica-football-kit-2026-27/,"Premier League, New Arrivals 26/27, Wolves",yes,2026-09-16 14:41,wp
RFK,126231,RFK_ASR_AW_KD_No_26/27,AS Roma Away Kid Replica Football Kit 2026/27,https://replicafootballkits.com/product/as-roma-away-kid-replica-football-kit-2026-27/,"Serie A, AS Roma, New Arrivals 26/27",yes,2026-09-16 14:31,wp
RFK,126204,RFK_ASR_HO_KD_No_26/27,AS Roma Home Kid Replica Football Kit 2026/27,https://replicafootballkits.com/product/as-roma-home-kid-replica-football-kit-2026-27/,"Serie A, AS Roma, New Arrivals 26/27",yes,2026-09-16 14:24,wp
RFK,126166,RFK_CC_TH_KD_No_26/27,Coventry City Third Kid Replica Football Kit 2026/27,https://replicafootballkits.com/product/coventry-city-third-kid-replica-football-kit-2026-27/,"Coventry City, New Arrivals 26/27, Premier League",yes,2026-09-16 11:24,wp
RFK,126153,RFK_WF_HO_KD_No_26/27,Watford Home Kid Replica Football Kit 2026/27,https://replicafootballkits.com/product/watford-home-kid-replica-football-kit-2026-27/,"Other Clubs, Watford",yes,2026-09-16 11:19,wp
RFK,126139,RFK_LU_TH_KD_No_26/27,Leeds United Third Kid Replica Football Kit 2026/27,https://replicafootballkits.com/product/leeds-united-third-kid-replica-football-kit-2026-27/,"Premier League, Leeds United, New Arrivals 26/27",yes,2026-09-16 11:10,wp
RFK,126126,RFK_AV_AW_KD_No_26/27,Aston Villa Away Kid Replica Football Kit 2026/27,https://replicafootballkits.com/product/as-vi-away-kid-replica-football-kit-2026-27/,"Aston Villa, New Arrivals 26/27, Premier League",yes,2026-09-16 11:04,wp
RFK,126113,RFK_BW_AW_KD_No_26/27,Bolton Wanderers Away Kid Replica Football Kit 2026/27,https://replicafootballkits.com/product/bolton-wanderers-away-kid-replica-football-kit-2026-27/,"New Arrivals 26/27, Bolton Wanderers, Other Clubs",yes,2026-09-16 10:54,wp
RFK,126102,RFK_SC04_AW_KD_No_26/27,Schalke 04 Away Kid Replica Football Kit 2026/27,https://replicafootballkits.com/product/schalke-04-away-kid-replica-football-kit-2026-27/,"Bundesliga, Schalke 04",yes,2026-09-16 10:48,wp
RFK,126086,RFK_SC04_HO_KD_No_26/27,Schalke 04 Home Kid Replica Football Kit 2026/27,https://replicafootballkits.com/product/schalke-04-home-kid-replica-football-kit-2026-27/,"Bundesliga, Schalke 04",yes,2026-09-16 10:38,wp
RFK,126059,RFK_RBL_HO_KD_No_26/27,RB Leipzig Home Kid Replica Football Kit 2026/27,https://replicafootballkits.com/product/rb-leipzig-home-kid-replica-football-kit-2026-27/,"RB Leipzig, New Arrivals 26/27, Other Clubs",yes,2026-09-16 10:15,wp
RFK,126042,RFK_WA_HO_KD_No_202y,Wales Home Kid Replica Football Kit 2027,https://replicafootballkits.com/product/wales-home-kid-replica-football-kit-2027/,"National Teams, EUROPE, Wales",yes,2026-09-16 10:10,wp
RFK,126030,RFK_AS_BRTN_KD_No_26/27,Arsn@l Black Red Training Kid Replica Football Kit 2026/27,https://replicafootballkits.com/product/arsnl-black-red-training-kid-replica-football-kit-2026-27/,"Premier League, Arsn@l",yes,2026-09-16 10:05,wp
RFK,126017,RFK_AS_RTN_KD_No_26/27,Arsn@l Red Training Kid Replica Football Kit 2026/27,https://replicafootballkits.com/product/arsnl-red-training-kid-replica-football-kit-2026-27/,"Premier League, Arsn@l",yes,2026-09-16 09:52,wp
RFK,125982,RFK_MID_HO_AD_No_96/97,Retro Middlesbrough Home Men Replica Football Shirt 1996/97,https://replicafootballkits.com/product/retro-middlesbrough-home-men-replica-football-shirt-1996-97/,"Other Clubs, Middlesbrough, Retro Middlesbrough, Retro Shirts & Kits",yes,2026-09-14 09:32,wp
RFK,125956,RFK_BM_THLS_AD_No_26/27,Bayern Munich Third Men Replica Football Shirt 2026/27 Long Sleeve,https://replicafootballkits.com/product/bay-mu-third-men-replica-football-shirt-2026-27-long-sleeve/,"Bayern Munich, Bundesliga, New Arrivals 26/27",yes,2026-09-14 09:23,wp
RFK,125947,RFK_LZ_AW_AD_No_26/27,SS Lazio Away Men Replica Football Shirt 2026/27,https://replicafootballkits.com/product/ss-lazio-away-men-replica-football-shirt-2026-27/,"Serie A, New Arrivals 26/27, SS Lazio",yes,2026-09-14 09:14,wp
RFK,125932,RFK_LZ_HO_AD_No_26/27,SS Lazio Home Men Replica Football Shirt 2026/27,https://replicafootballkits.com/product/ss-lazio-home-men-replica-football-shirt-2026-27/,"Serie A, New Arrivals 26/27, SS Lazio",yes,2026-09-14 08:54,wp
RFK,125920,RFK_WA_HO_AD_No_2027,Wales Home Men Replica Football Shirt 2027,https://replicafootballkits.com/product/wales-home-men-replica-football-shirt-2027/,"National Teams, EUROPE, Wales",yes,2026-09-14 08:46,wp
RFK,125908,RFK_RM_125thCom_AD_No_26/27,Real Madrid 125th Commemorative Men Replica Football Shirt 2026/27,https://replicafootballkits.com/product/rl-md-125th-commemorative-men-replica-football-shirt-2026-27/,"Real Madrid, La Liga",yes,2026-09-14 08:40,wp
RFK,125888,RFK_GR_TH_AD_No_26/27,Galatasaray Third Men Replica Football Shirt 2026/27,https://replicafootballkits.com/product/galatasaray-third-men-replica-football-shirt-2026-27/,"Galatasaray, New Arrivals 26/27, Other Clubs",yes,2026-09-14 08:30,wp
RFK,125879,RFK_GR_AW_AD_No_26/27,Galatasaray Away Men Replica Football Shirt 2026/27,https://replicafootballkits.com/product/galatasaray-away-men-replica-football-shirt-2026-27/,"Galatasaray, New Arrivals 26/27, Other Clubs",yes,2026-09-14 08:24,wp
RFK,125861,RFK_GR_HO_AD_No_26/27,Galatasaray Home Men Replica Football Shirt 2026/27,https://replicafootballkits.com/product/galatasaray-home-men-replica-football-shirt-2026-27/,"Galatasaray, New Arrivals 26/27, Other Clubs",yes,2026-09-14 08:16,wp
RFK,125849,RFK_BM_TH_AD_No_26/27,Bayern Munich Third Men Replica Football Shirt 2026/27,https://replicafootballkits.com/product/bay-mu-third-men-replica-football-shirt-2026-27/,"Bayern Munich, Bundesliga, New Arrivals 26/27",yes,2026-09-14 08:10,wp
RFK,125837,RFK_AV_AW_AD_No_26/27,Aston Villa Away Men Replica Football Shirt 2026/27,https://replicafootballkits.com/product/as-vi-away-men-replica-football-shirt-2026-27/,"Premier League, Aston Villa, New Arrivals 26/27",yes,2026-09-14 08:05,wp
RFK,125825,RFK_LU_TH_AD_No_26/27,Leeds United Third Men Replica Football Shirt 2026/27,https://replicafootballkits.com/product/leeds-united-third-men-replica-football-shirt-2026-27/,"Leeds United, New Arrivals 26/27, Premier League",yes,2026-09-14 08:00,wp
RFK,125813,RFK_LC_AW_AD_No_26/27,Leicester City Away Men Replica Football Shirt 2026/27,https://replicafootballkits.com/product/lster-ct-away-men-replica-football-shirt-2026-27/,"Leicester City, New Arrivals 26/27, Premier League",yes,2026-09-14 07:51,wp
RFK,125801,RFK_PSV_AW_AD_No_26/27,PSV Eindhoven Away Men Replica Football Shirt 2026/27,https://replicafootballkits.com/product/psv-eindhoven-away-men-replica-football-shirt-2026-27/,"PSV, New Arrivals 26/27, Other Clubs",yes,2026-09-14 07:47,wp
RFK,125790,RFK_SH_TH_AD_No_26/27,Sunderland Third Men Replica Football Shirt 2026/27,https://replicafootballkits.com/product/sunderland-third-men-replica-football-shirt-2026-27/,"Premier League, New Arrivals 26/27, Sunderland",yes,2026-09-14 04:19,wp
RFK,125778,RFK_CC_TH_AD_No_26/27,Coventry City Third Men Replica Football Shirt 2026/27,https://replicafootballkits.com/product/coventry-city-third-men-replica-football-shirt-2026-27/,"Coventry City, New Arrivals 26/27, Premier League",yes,2026-09-14 04:14,wp
RFK,125747,RFK_BA_BYPM_AD_No_26/27,Barcelona Black Yellow Pre Match Men Replica Football Shirt 2026/27,https://replicafootballkits.com/product/brclna-black-yellow-pre-match-men-replica-football-shirt-2026-27/,"Barcelona, La Liga, New Arrivals 26/27",yes,2026-09-14 03:55,wp
RFK,125732,RFK_BA_PPM_AD_No_26/27,Barcelona Purple Pre Match Men Replica Football Shirt 2026/27,https://replicafootballkits.com/product/brclna-purple-pre-match-men-replica-football-shirt-2026-27/,"Barcelona, La Liga, New Arrivals 26/27",yes,2026-09-14 03:49,wp
RFK,125719,RFK_SO_TH_AD_No_26/27,Southampton Third Men Replica Football Shirt 2026/27,https://replicafootballkits.com/product/southampton-third-men-replica-football-shirt-2026-27/,"New Arrivals 26/27, Premier League, Southampton",yes,2026-09-13 15:07,wp
RFK,125707,RFK_MID_TH_AD_No_26/27,Middlesbrough Third Men Replica Football Shirt 2026/27,https://replicafootballkits.com/product/middlesbrough-third-men-replica-football-shirt-2026-27/,"Other Clubs, Middlesbrough, New Arrivals 26/27",yes,2026-09-13 14:58,wp
RFK,125695,RFK_AV_PM_AD_No_26/27,Aston Villa Pre Match Men Replica Football Shirt 2026/27,https://replicafootballkits.com/product/as-vi-pre-match-men-replica-football-shirt-2026-27/,"Premier League, Aston Villa",yes,2026-09-13 14:52,wp
RFK,125682,RFK_STK_AW_AD_No_26/27,Stoke City Away Men Replica Football Shirt 2026/27,https://replicafootballkits.com/product/stoke-city-away-men-replica-football-shirt-2026-27/,"Other Clubs, Stoke City",yes,2026-09-13 14:40,wp
RFK,125670,RFK_WO_AW_AD_No_26/27,Wolves Away Men Replica Football Shirt 2026/27,https://replicafootballkits.com/product/wolves-away-men-replica-football-shirt-2026-27/,"Premier League, New Arrivals 26/27, Wolves",yes,2026-09-13 14:28,wp
RFK,125658,RFK_BW_HO_AD_No_26/27,Bolton Wanderers Home Men Replica Football Shirt 2026/27,https://replicafootballkits.com/product/bolton-wanderers-home-men-replica-football-shirt-2026-27/,"New Arrivals 26/27, Bolton Wanderers, Other Clubs",yes,2026-09-13 14:19,wp
RFK,125635,RFK_RM_SE_AD_No_26/27,Real Madrid Special Edition Men Replica Football Shirt 2026/27,https://replicafootballkits.com/product/rl-md-special-edition-men-replica-football-shirt-2026-27/,"Real Madrid, La Liga, New Arrivals 26/27",yes,2026-09-13 13:47,wp
RFK,125626,RFK_NF_TH_AD_No_26/27,Nottingham Forest Third Men Replica Football Shirt 2026/27,https://replicafootballkits.com/product/nottingham-forest-third-men-replica-football-shirt-2026-27/,"Nottingham Forest, New Arrivals 26/27, Premier League",yes,2026-09-13 13:40,wp
RFK,125609,RFK_NF_TH_KD_No_26/27,Nottingham Forest Third Kid Replica Football Kit 2026/27,https://replicafootballkits.com/product/nottingham-forest-third-kid-replica-football-kit-2026-27/,"Nottingham Forest, New Arrivals 26/27, Premier League",yes,2026-09-13 13:35,wp
RFK,123132,RFK_EV_TH_KD_GREALISH 10_26/27,Everton GREALISH 10 Third Kid Replica Football Kit 2026/27,https://replicafootballkits.com/product/everton-grealish-10-third-kid-replica-football-kit-2026-27/,"Everton, Grealish 10, New Arrivals 26/27, Popular Players, Premier League",yes,2026-09-12 14:39,wp
RFK,123122,RFK_EV_TH_AD_GREALISH 10_26/27,Everton GREALISH 10 Third Men Replica Football Shirt 2026/27,https://replicafootballkits.com/product/everton-grealish-10-third-men-replica-football-shirt-2026-27/,"Premier League, Everton, Grealish 10, New Arrivals 26/27, Popular Players",yes,2026-09-12 14:30,wp
RFK,123111,RFK_EV_AW_KD_GREALISH 10_26/27,Everton GREALISH 10 Away Kid Replica Football Kit 2026/27,https://replicafootballkits.com/product/everton-grealish-10-away-kid-replica-football-kit-2026-27/,"Everton, Grealish 10, New Arrivals 26/27, Popular Players, Premier League",yes,2026-09-12 14:05,wp
RFK,123103,RFK_EV_AW_AD_GREALISH 10_26/27,Everton GREALISH 10 Away Men Replica Football Shirt 2026/27,https://replicafootballkits.com/product/everton-grealish-10-away-men-replica-football-shirt-2026-27/,"Premier League, Everton, Grealish 10, New Arrivals 26/27, Popular Players",yes,2026-09-12 13:56,wp
RFK,123091,RFK_EV_HO_KD_GREALISH 10_26/27,Everton GREALISH 10 Home Kid Replica Football Kit 2026/27,https://replicafootballkits.com/product/everton-grealish-10-home-kid-replica-football-kit-2026-27/,"Everton, Grealish 10, New Arrivals 26/27, Popular Players, Premier League",yes,2026-09-12 11:10,wp
RFK,123083,RFK_EV_HO_AD_GREALISH 10_26/27,Everton GREALISH 10 Home Men Replica Football Shirt 2026/27,https://replicafootballkits.com/product/everton-grealish-10-home-men-replica-football-shirt-2026-27/,"Premier League, Everton, Grealish 10, New Arrivals 26/27, Popular Players",yes,2026-09-12 11:03,wp
RFK,123072,RFK_EV_TH_KD_No_26/27,Everton Third Kid Replica Football Kit 2026/27,https://replicafootballkits.com/product/everton-third-kid-replica-football-kit-2026-27/,"Everton, New Arrivals 26/27, Premier League",yes,2026-09-12 10:47,wp
RFK,123045,RFK_EV_TH_AD_No_26/27,Everton Third Men Replica Football Shirt 2026/27,https://replicafootballkits.com/product/everton-third-men-replica-football-shirt-2026-27/,"Premier League, Everton, New Arrivals 26/27",yes,2026-09-12 10:39,wp
RFK,122999,RFK_MC_TH_KD_ENZO 17_26/27,Manchester City ENZO 17 Third Kid Replica Football Kit 2026/27,https://replicafootballkits.com/product/m-c-enzo-17-third-kid-replica-football-kit-2026-27/,"Popular Players, Enzo 17, Manchester City, Premier League",yes,2026-09-11 16:09,wp
RFK,122992,RFK_MC_TH_AD_ENZO 17_26/27,Manchester City ENZO 17 Third Men Replica Football Shirt 2026/27,https://replicafootballkits.com/product/m-c-enzo-17-third-men-replica-football-shirt-2026-27/,"Manchester City, Enzo 17, Popular Players, Premier League",yes,2026-09-11 16:06,wp
RFK,122979,RFK_MC_AW_KD_ENZO 17_26/27,Manchester City ENZO 17 Away Kid Replica Football Kit 2026/27,https://replicafootballkits.com/product/m-c-enzo-17-away-kid-replica-football-kit-2026-27/,"Popular Players, Enzo 17, Manchester City, Premier League",yes,2026-09-11 16:02,wp
RFK,122970,RFK_MC_AW_AD_ENZO 17_26/27,Manchester City ENZO 17 Away Men Replica Football Shirt 2026/27,https://replicafootballkits.com/product/m-c-enzo-17-away-men-replica-football-shirt-2026-27/,"Manchester City, Enzo 17, Popular Players, Premier League",yes,2026-09-11 15:58,wp
RFK,122959,RFK_MC_HO_KD_ENZO 17_26/27,Manchester City ENZO 17 Home Kid Replica Football Kit 2026/27,https://replicafootballkits.com/product/m-c-enzo-17-home-kid-replica-football-kit-2026-27/,"Popular Players, Enzo 17, Manchester City, Premier League",yes,2026-09-11 15:52,wp
RFK,122938,RFK_MC_HO_AD_ENZO 17_26/27,Manchester City ENZO 17 Home Men Replica Football Shirt 2026/27,https://replicafootballkits.com/product/m-c-enzo-17-home-men-replica-football-shirt-2026-27/,"Manchester City, Enzo 17, Popular Players, Premier League",yes,2026-09-11 15:46,wp
RFK,122924,RFK_WO_HO_KD_GOMES 8_26/27,Wolves GOMES 8 Home Kid Replica Football Kit 2026/27,https://replicafootballkits.com/product/wolves-gomes-8-home-kid-replica-football-kit-2026-27/,"Premier League, Gomes 8, New Arrivals 26/27, Popular Players, Wolves",yes,2026-09-10 16:23,wp
RFK,122913,RFK_WO_HO_AD_GOMES 8_26/27,Wolves GOMES 8 Home Men Replica Football Shirt 2026/27,https://replicafootballkits.com/product/wolves-gomes-8-home-men-replica-football-shirt-2026-27/,"Premier League, Gomes 8, New Arrivals 26/27, Popular Players, Wolves",yes,2026-09-10 16:20,wp
RFK,122901,RFK_WH_TH_AD_BOWEN 20_26/27,West Ham United BOWEN 20 Third Men Replica Football Shirt 2026/27,https://replicafootballkits.com/product/west-ham-united-bowen-20-third-men-replica-football-shirt-2026-27/,"Premier League, Bowen 20, New Arrivals 26/27, Popular Players, Westham United",yes,2026-09-10 16:12,wp
RFK,122892,RFK_WH_TH_KD_BOWEN 20_26/27,West Ham BOWEN 20 Third Kid Replica Football Kit 2026/27,https://replicafootballkits.com/product/west-ham-bowen-20-third-kid-replica-football-kit-2026-27/,"Premier League, Bowen 20, New Arrivals 26/27, Popular Players, Westham United",yes,2026-09-10 16:10,wp
RFK,122879,RFK_WH_TH_KD_No_26/27,West Ham Third Kid Replica Football Kit 2026/27,https://replicafootballkits.com/product/west-ham-third-kid-replica-football-kit-2026-27/,"Premier League, New Arrivals 26/27, Westham United",yes,2026-09-10 16:05,wp
RFK,122870,RFK_WH_TH_AD_No_26/27,West Ham Third Men Replica Football Shirt 2026/27,https://replicafootballkits.com/product/west-ham-third-men-replica-football-shirt-2026-27/,"Westham United, New Arrivals 26/27, Premier League",yes,2026-09-10 16:00,wp
RFK,122861,RFK_WH_AW_AD_BOWEN 20_26/27,West Ham United BOWEN 20 Away Men Replica Football Shirt 2026/27,https://replicafootballkits.com/product/west-ham-united-bowen-20-away-men-replica-football-shirt-2026-27/,"Premier League, Bowen 20, New Arrivals 26/27, Popular Players, Westham United",yes,2026-09-10 15:56,wp
RFK,122838,RFK_WH_AW_KD_BOWEN 20_26/27,West Ham BOWEN 20 Away Kid Replica Football Kit 2026/27,https://replicafootballkits.com/product/west-ham-bowen-20-away-kid-replica-football-kit-2026-27/,"Premier League, Bowen 20, New Arrivals 26/27, Popular Players, Westham United",yes,2026-09-10 15:53,wp
RFK,122483,RFK_SH_HO_AD_XHAKA 34_26/27,Sunderland XHAKA 34 Home Men Replica Football Shirt 2026/27,https://replicafootballkits.com/product/sunderland-xhaka-34-home-men-replica-football-shirt-2026-27/,"Premier League, New Arrivals 26/27, Popular Players, Sunderland, Xhaka 34",yes,2026-09-10 11:09,wp
RFK,122472,RFK_SH_HO_KD_XHAKA 34_26/27,Sunderland XHAKA 34 Home Kid Replica Football Kit 2026/27,https://replicafootballkits.com/product/sunderland-xhaka-34-home-kid-replica-football-kit-2026-27/,"Premier League, New Arrivals 26/27, Popular Players, Sunderland, Xhaka 34",yes,2026-09-10 11:03,wp
RFK,122454,RFK_SH_HO_KD_No_26/27,Sunderland Home Kid Replica Football Kit 2026/27,https://replicafootballkits.com/product/sunderland-home-kid-replica-football-kit-2026-27/,"Premier League, New Arrivals 26/27, Sunderland",yes,2026-09-10 10:55,wp
RFK,122443,RFK_NAP_TH_KD_HØJLUND 19_26/27,SSC Napoli HØJLUND 19 Third Kid Replica Football Kit 2026/27,https://replicafootballkits.com/product/ssc-napoli-hojlund-19-third-kid-replica-football-kit-2026-27/,"Popular Players, HØJLUND 19, New Arrivals 26/27, Serie A, SSC Napoli",NO,2026-09-10 10:50,wp
RFK,122434,RFK_NAP_TH_AD_HØJLUND 19_26/27,SSC Napoli HØJLUND 19 Third Men Replica Football Shirt 2026/27,https://replicafootballkits.com/product/ssc-napoli-hojlund-19-third-men-replica-football-shirt-2026-27/,"HØJLUND 19, New Arrivals 26/27, Popular Players, Serie A, SSC Napoli",yes,2026-09-10 10:46,wp
RFK,122422,RFK_NAP_TH_KD_DE BRUYNE 11_26/27,SSC Napoli DE BRUYNE 11 Third Kid Replica Football Kit 2026/27,https://replicafootballkits.com/product/ssc-napoli-de-bruyne-11-third-kid-replica-football-kit-2026-27/,"Popular Players, De Bruyne 17, New Arrivals 26/27, Serie A, SSC Napoli",NO,2026-09-10 10:37,wp
RFK,122414,RFK_NAP_TH_AD_DE BRUYNE 11_26/27,SSC Napoli DE BRUYNE 11 Third Men Replica Football Shirt 2026/27,https://replicafootballkits.com/product/ssc-napoli-de-bruyne-11-third-men-replica-football-shirt-2026-27/,"Popular Players, De Bruyne 17, New Arrivals 26/27, Serie A, SSC Napoli",yes,2026-09-10 10:34,wp
RFK,122403,RFK_NAP_TH_KD_LUKAKU 9_26/27,SSC Napoli LUKAKU 9 Third Kid Replica Football Kit 2026/27,https://replicafootballkits.com/product/ssc-napoli-lukaku-9-third-kid-replica-football-kit-2026-27/,"Lukaku 11, New Arrivals 26/27, Popular Players, Serie A, SSC Napoli",NO,2026-09-10 10:30,wp
RFK,122394,RFK_NAP_TH_AD_LUKAKU 9_26/27,SSC Napoli LUKAKU 9 Third Men Replica Football Shirt 2026/27,https://replicafootballkits.com/product/ssc-napoli-lukaku-9-third-men-replica-football-shirt-2026-27/,"Lukaku 11, New Arrivals 26/27, Popular Players, Serie A, SSC Napoli",yes,2026-09-10 10:24,wp
RFK,122383,RFK_NAP_TH_KD_McTOMINAY 8_26/27,SSC Napoli McTOMINAY 8 Third Kid Replica Football Kit 2026/27,https://replicafootballkits.com/product/ssc-napoli-mctominay-8-third-kid-replica-football-kit-2026-27/,"MC TOMINAY 8, New Arrivals 26/27, Popular Players, Serie A, SSC Napoli",NO,2026-09-10 10:06,wp
RFK,122374,RFK_NAP_TH_AD_McTOMINAY 8_26/27,SSC Napoli McTOMINAY 8 Third Men Replica Football Shirt 2026/27,https://replicafootballkits.com/product/ssc-napoli-mctominay-8-third-men-replica-football-shirt-2026-27/,"MC TOMINAY 8, New Arrivals 26/27, Popular Players, Serie A, SSC Napoli",yes,2026-09-10 09:49,wp
RFK,122363,RFK_NAP_AW_KD_HØJLUND 19_26/27,SSC Napoli HØJLUND 19 Away Kid Replica Football Kit 2026/27,https://replicafootballkits.com/product/ssc-napoli-hojlund-19-away-kid-replica-football-kit-2026-27/,"Popular Players, HØJLUND 19, New Arrivals 26/27, Serie A, SSC Napoli",NO,2026-09-10 09:38,wp
RFK,122352,RFK_NAP_AW_AD_HØJLUND 19_26/27,SSC Napoli HØJLUND 19 Away Men Replica Football Shirt 2026/27,https://replicafootballkits.com/product/ssc-napoli-hojlund-19-away-men-replica-football-shirt-2026-27/,"HØJLUND 19, New Arrivals 26/27, Popular Players, Serie A, SSC Napoli",yes,2026-09-10 09:31,wp
RFK,122342,RFK_NAP_AW_KD_DE BRUYNE 11_26/27,SSC Napoli DE BRUYNE 11 Away Kid Replica Football Kit 2026/27,https://replicafootballkits.com/product/ssc-napoli-de-bruyne-11-away-kid-replica-football-kit-2026-27/,"Popular Players, De Bruyne 17, New Arrivals 26/27, Serie A, SSC Napoli",NO,2026-09-10 09:28,wp
RFK,122334,RFK_NAP_AW_AD_DE BRUYNE 11_26/27,SSC Napoli DE BRUYNE 11 Away Men Replica Football Shirt 2026/27,https://replicafootballkits.com/product/ssc-napoli-de-bruyne-11-away-men-replica-football-shirt-2026-27/,"Popular Players, De Bruyne 17, New Arrivals 26/27, Serie A, SSC Napoli",yes,2026-09-10 09:18,wp
RFK,122322,RFK_NAP_AW_KD_LUKAKU 9_26/27,SSC Napoli LUKAKU 9 Away Kid Replica Football Kit 2026/27,https://replicafootballkits.com/product/ssc-napoli-lukaku-9-away-kid-replica-football-kit-2026-27/,"Lukaku 11, New Arrivals 26/27, Popular Players, Serie A, SSC Napoli",NO,2026-09-10 09:08,wp
RFK,122314,RFK_NAP_AW_AD_LUKAKU 9_26/27,SSC Napoli LUKAKU 9 Away Men Replica Football Shirt 2026/27,https://replicafootballkits.com/product/ssc-napoli-lukaku-9-away-men-replica-football-shirt-2026-27/,"Lukaku 11, New Arrivals 26/27, Popular Players, Serie A, SSC Napoli",yes,2026-09-10 09:03,wp
RFK,122302,RFK_NAP_AW_KD_McTOMINAY 8_26/27,SSC Napoli McTOMINAY 8 Away Kid Replica Football Kit 2026/27,https://replicafootballkits.com/product/ssc-napoli-mctominay-8-away-kid-replica-football-kit-2026-27/,"MC TOMINAY 8, New Arrivals 26/27, Popular Players, Serie A, SSC Napoli",NO,2026-09-10 08:58,wp
RFK,122294,RFK_NAP_AW_AD_McTOMINAY 8_26/27,SSC Napoli McTOMINAY 8 Away Men Replica Football Shirt 2026/27,https://replicafootballkits.com/product/ssc-napoli-mctominay-8-away-men-replica-football-shirt-2026-27/,"MC TOMINAY 8, New Arrivals 26/27, Popular Players, Serie A, SSC Napoli",yes,2026-09-10 08:55,wp
RFK,122281,RFK_NAP_HO_KD_HØJLUND 19_26/27,SSC Napoli HØJLUND 19 Home Kid Replica Football Kit 2026/27,https://replicafootballkits.com/product/ssc-napoli-hojlund-19-home-kid-replica-football-kit-2026-27/,"Popular Players, HØJLUND 19, New Arrivals 26/27, Serie A, SSC Napoli",yes,2026-09-10 08:48,wp
RFK,122274,RFK_NAP_HO_AD_HØJLUND 19_26/27,SSC Napoli HØJLUND 19 Home Men Replica Football Shirt 2026/27,https://replicafootballkits.com/product/ssc-napoli-hojlund-19-home-men-replica-football-shirt-2026-27/,"HØJLUND 19, New Arrivals 26/27, Popular Players, Serie A, SSC Napoli",yes,2026-09-10 08:43,wp
RFK,122258,RFK_NAP_HO_KD_DE BRUYNE 11_26/27,SSC Napoli DE BRUYNE 11 Home Kid Replica Football Kit 2026/27,https://replicafootballkits.com/product/ssc-napoli-de-bruyne-11-home-kid-replica-football-kit-2026-27/,"Popular Players, De Bruyne 17, New Arrivals 26/27, Serie A, SSC Napoli",yes,2026-09-10 08:37,wp
RFK,122249,RFK_NAP_HO_AD_DE BRUYNE 11_26/27,SSC Napoli DE BRUYNE 11 Home Men Replica Football Shirt 2026/27,https://replicafootballkits.com/product/ssc-napoli-de-bruyne-11-home-men-replica-football-shirt-2026-27/,"Popular Players, De Bruyne 17, New Arrivals 26/27, Serie A, SSC Napoli",yes,2026-09-10 08:28,wp
RFK,122233,RFK_NAP_HO_KD_LUKAKU 9_26/27,SSC Napoli LUKAKU 9 Home Kid Replica Football Kit 2026/27,https://replicafootballkits.com/product/ssc-napoli-lukaku-9-home-kid-replica-football-kit-2026-27/,"Lukaku 11, New Arrivals 26/27, Popular Players, Serie A, SSC Napoli",yes,2026-09-10 08:23,wp
RFK,122224,RFK_NAP_HO_AD_LUKAKU 9_26/27,SSC Napoli LUKAKU 9 Home Men Replica Football Shirt 2026/27,https://replicafootballkits.com/product/ssc-napoli-lukaku-9-home-men-replica-football-shirt-2026-27/,"Lukaku 11, New Arrivals 26/27, Popular Players, Serie A, SSC Napoli",yes,2026-09-10 08:18,wp
RFK,122213,RFK_NAP_HO_KD_McTOMINAY 8_26/27,SSC Napoli McTOMINAY 8 Home Kid Replica Football Kit 2026/27,https://replicafootballkits.com/product/ssc-napoli-mctominay-8-home-kid-replica-football-kit-2026-27/,"MC TOMINAY 8, New Arrivals 26/27, Popular Players, Serie A, SSC Napoli",yes,2026-09-10 07:42,wp
RFK,122199,RFK_NAP_HO_AD_McTOMINAY 8_26/27,SSC Napoli McTOMINAY 8 Home Men Replica Football Shirt 2026/27,https://replicafootballkits.com/product/ssc-napoli-mctominay-8-home-men-replica-football-shirt-2026-27/,"MC TOMINAY 8, New Arrivals 26/27, Popular Players, Serie A, SSC Napoli",yes,2026-09-10 05:06,wp
RFK,122187,RFK_NAP_TH_KD_No_26/27,SSC Napoli Third Kid Replica Football Kit 2026/27,https://replicafootballkits.com/product/ssc-napoli-third-kid-replica-football-kit-2026-27/,"New Arrivals 26/27, Serie A, SSC Napoli",NO,2026-09-10 04:56,wp
RFK,122176,RFK_NAP_AW_KD_No_26/27,SSC Napoli Away Kid Replica Football Kit 2026/27,https://replicafootballkits.com/product/ssc-napoli-away-kid-replica-football-kit-2026-27/,"New Arrivals 26/27, Serie A, SSC Napoli",NO,2026-09-10 04:51,wp
RFK,122103,RFK_NAP_HO_KD_No_26/27,SSC Napoli Home Kid Replica Football Kit 2026/27,https://replicafootballkits.com/product/ssc-napoli-home-kid-replica-football-kit-2026-27/,"New Arrivals 26/27, Serie A, SSC Napoli",yes,2026-09-10 02:32,wp
RFK,122086,RFK_RM_HO_KD_VALVERDE 8_26/27,Real Madrid VALVERDE 8 Home Kid Replica Football Kit 2026/27,https://replicafootballkits.com/product/rl-md-valverde-8-home-kid-replica-football-kit-2026-27/,"La Liga, New Arrivals 26/27, Popular Players, Real Madrid, Valverde 8",yes,2026-09-09 16:03,wp
RFK,122073,RFK_RM_HO_AD_VALVERDE 8_26/27,Real Madrid VALVERDE 8 Home Men Replica Football Shirt 2026/27,https://replicafootballkits.com/product/rl-md-valverde-8-home-men-replica-football-shirt-2026-27/,"La Liga, New Arrivals 26/27, Popular Players, Real Madrid, Valverde 8",yes,2026-09-09 15:55,wp
RFK,122061,RFK_RM_AW_KD_VALVERDE 8_26/27,Real Madrid VALVERDE 8 Away Kid Replica Football Kit 2026/27,https://replicafootballkits.com/product/rl-md-valverde-8-away-kid-replica-football-kit-2026-27/,"La Liga, New Arrivals 26/27, Popular Players, Real Madrid, Valverde 8",yes,2026-09-09 15:46,wp
RFK,122052,RFK_RM_AW_AD_VALVERDE 8_26/27,Real Madrid VALVERDE 8 Away Men Replica Football Shirt 2026/27,https://replicafootballkits.com/product/rl-md-valverde-8-away-men-replica-football-shirt-2026-27/,"La Liga, New Arrivals 26/27, Popular Players, Real Madrid, Valverde 8",yes,2026-09-09 15:37,wp
RFK,122041,RFK_RM_AW_KD_MBAPPÉ 10_26/27,Real Madrid MBAPPÉ 10 Away Kid Replica Football Kit 2026/27,https://replicafootballkits.com/product/rl-md-mbappe-10-away-kid-replica-football-kit-2026-27/,"La Liga, Mbappe 10, New Arrivals 26/27, Popular Players, Real Madrid",yes,2026-09-09 15:33,wp
RFK,122032,RFK_RM_AW_AD_MBAPPÉ 10_26/27,Real Madrid MBAPPÉ 10 Away Men Replica Football Shirt 2026/27,https://replicafootballkits.com/product/rl-md-mbappe-10-away-men-replica-football-shirt-2026-27/,"La Liga, Mbappe 10, New Arrivals 26/27, Popular Players, Real Madrid",yes,2026-09-09 15:25,wp
RFK,122019,RFK_RM_AW_KD_VINI JR. 7_26/27,Real Madrid VINI JR. 7 Away Kid Replica Football Kit 2026/27,https://replicafootballkits.com/product/rl-md-vini-jr-7-away-kid-replica-football-kit-2026-27/,"La Liga, New Arrivals 26/27, Popular Players, Real Madrid, Vini JR. 7",yes,2026-09-09 15:20,wp
RFK,122012,RFK_RM_AW_AD_VINI JR. 7_26/27,Real Madrid VINI JR. 7 Away Men Replica Football Shirt 2026/27,https://replicafootballkits.com/product/rl-md-vini-jr-7-away-men-replica-football-shirt-2026-27/,"La Liga, New Arrivals 26/27, Popular Players, Real Madrid, Vini JR. 7",yes,2026-09-09 15:17,wp
RFK,122001,RFK_RM_AW_KD_BELLINGHAM 5_26/27,Real Madrid BELLINGHAM 5 Away Kid Replica Football Kit 2026/27,https://replicafootballkits.com/product/rl-md-bellingham-5-away-kid-replica-football-kit-2026-27/,"La Liga, Jude Bellingham 5, New Arrivals 26/27, Popular Players, Real Madrid",yes,2026-09-09 15:13,wp
RFK,121975,RFK_RM_AW_AD_BELLINGHAM 5_26/27,Real Madrid BELLINGHAM 5 Away Men Replica Football Shirt 2026/27,https://replicafootballkits.com/product/rl-md-bellingham-5-away-men-replica-football-shirt-2026-27/,"La Liga, Jude Bellingham 5, New Arrivals 26/27, Popular Players, Real Madrid",yes,2026-09-09 14:54,wp
RFK,121830,RFK_AS_TH_KD_CHAMPIONS 26_26/27,Arsn@l CHAMPIONS 26 Third Kid Replica Football Kit 2026/27,https://replicafootballkits.com/product/arsnl-champions-26-third-kid-replica-football-kit-2026-27/,Premier League,yes,2026-09-09 10:29,wp
RFK,121819,RFK_AS_TH_AD_CHAMPIONS 26_26/27,Arsn@l CHAMPIONS 26 Third Men Replica Football Shirt 2026/27,https://replicafootballkits.com/product/arsnl-champions-26-third-men-replica-football-shirt-2026-27/,"Premier League, New Arrivals 26/27",yes,2026-09-09 09:59,wp
RFK,121774,RFK_AS_TH_KD_G.JESUS 9_26/27,Arsn@l G.JESUS 9 Third Kid Replica Football Kit 2026/27,https://replicafootballkits.com/product/arsnl-g-jesus-9-third-kid-replica-football-kit-2026-27/,"Popular Players, Arsn@l, G.Jesus 9, New Arrivals 26/27, Premier League",yes,2026-09-09 09:21,wp
RFK,121760,RFK_AS_TH_AD_G.JESUS 9_26/27,Arsn@l G.JESUS 9 Third Men Replica Football Shirt 2026/27,https://replicafootballkits.com/product/arsnl-g-jesus-9-third-men-replica-football-shirt-2026-27/,"Arsn@l, G.Jesus 9, New Arrivals 26/27, Popular Players, Premier League",yes,2026-09-09 08:59,wp
RFK,121749,RFK_AS_TH_KD_HAVERTZ 29_26/27,Arsn@l HAVERTZ 29 Third Kid Replica Football Kit 2026/27,https://replicafootballkits.com/product/arsnl-havertz-29-third-kid-replica-football-kit-2026-27/,"HAVERTZ 29, Arsn@l, New Arrivals 26/27, Popular Players, Premier League",yes,2026-09-09 08:25,wp
RFK,121736,RFK_AS_TH_AD_HAVERTZ 29_26/27,Arsn@l HAVERTZ 29 Third Men Replica Football Shirt 2026/27,https://replicafootballkits.com/product/arsnl-havertz-29-third-men-replica-football-shirt-2026-27/,"Premier League, Arsn@l, HAVERTZ 29, New Arrivals 26/27, Popular Players",yes,2026-09-09 08:20,wp
RFK,121722,RFK_AS_TH_KD_GYÖKERES 14_26/27,Arsn@l GYÖKERES 14 Third Kid Replica Football Kit 2026/27,https://replicafootballkits.com/product/arsnl-gyokeres-14-third-kid-replica-football-kit-2026-27/,"Premier League, Gyökeres 9, New Arrivals 26/27, Popular Players",yes,2026-09-09 04:29,wp
RFK,121710,RFK_AS_TH_AD_GYÖKERES 14_26/27,Arsn@l GYÖKERES 14 Third Men Replica Football Shirt 2026/27,https://replicafootballkits.com/product/arsnl-gyokeres-14-third-men-replica-football-shirt-2026-27/,"Premier League, Gyökeres 9, New Arrivals 26/27, Popular Players",yes,2026-09-09 04:25,wp
RFK,121697,RFK_AS_TH_KD_ØDEGAARD 8_26/27,Arsn@l ØDEGAARD 8 Third Kid Replica Football Kit 2026/27,https://replicafootballkits.com/product/arsnl-odegaard-8-third-kid-replica-football-kit-2026-27/,"Premier League, Arsn@l, New Arrivals 26/27, ØDEGAARD 8, Popular Players",yes,2026-09-09 04:21,wp
RFK,121686,RFK_AS_TH_AD_ØDEGAARD 8_26/27,Arsn@l ØDEGAARD 8 Third Men Replica Football Shirt 2026/27,https://replicafootballkits.com/product/arsnl-odegaard-8-third-men-replica-football-shirt-2026-27/,"ØDEGAARD 8, Arsn@l, New Arrivals 26/27, Premier League",yes,2026-09-09 03:46,wp
RFK,121675,RFK_AS_TH_KD_SAKA 7_26/27,Arsn@l SAKA 7 Third Kid Replica Football Kit 2026/27,https://replicafootballkits.com/product/arsnl-saka-7-third-kid-replica-football-kit-2026-27/,"Premier League, Arsn@l, New Arrivals 26/27, Popular Players, Saka 7",yes,2026-09-09 03:23,wp
RFK,121662,RFK_AS_TH_AD_SAKA 7_26/27,Arsn@l SAKA 7 Third Men Replica Football Shirt 2026/27,https://replicafootballkits.com/product/arsnl-saka-7-third-men-replica-football-shirt-2026-27/,"Premier League, Arsn@l, New Arrivals 26/27, Popular Players, Saka 7",yes,2026-09-09 03:16,wp
RFK,121651,RFK_AS_TH_KD_RICE 41_26/27,Arsn@l RICE 41 Third Kid Replica Football Kit 2026/27,https://replicafootballkits.com/product/arsnl-rice-41-third-kid-replica-football-kit-2026-27/,"RICE 41, Arsn@l, New Arrivals 26/27, Popular Players, Premier League",yes,2026-09-09 03:11,wp
RFK,121638,RFK_AS_TH_AD_RICE 41_26/27,Arsn@l RICE 41 Third Men Replica Football Shirt 2026/27,https://replicafootballkits.com/product/arsnl-rice-41-third-men-replica-football-shirt-2026-27/,"Arsn@l, Popular Players, Premier League, RICE 41",yes,2026-09-09 03:07,wp
RFK,121627,RFK_AS_TH_KD_EZE 10_26/27,Arsn@l EZE 10 Third Kid Replica Football Kit 2026/27,https://replicafootballkits.com/product/arsnl-eze-10-third-kid-replica-football-kit-2026-27/,"Popular Players, Arsn@l, EZE 10, Premier League",yes,2026-09-09 03:03,wp
RFK,121614,RFK_AS_TH_AD_EZE 10_26/27,Arsn@l EZE 10 Third Men Replica Football Shirt 2026/27,https://replicafootballkits.com/product/arsnl-eze-10-third-men-replica-football-shirt-2026-27/,"EZE 10, Arsn@l, New Arrivals 26/27, Popular Players, Premier League",yes,2026-09-09 02:57,wp
RFK,121574,RFK_AS_AW_KD_G.JESUS 9_26/27,Arsn@l G.JESUS 9 Away Kid Replica Football Kit 2026/27,https://replicafootballkits.com/product/arsnl-g-jesus-9-away-kid-replica-football-kit-2026-27/,"Popular Players, Arsn@l, G.Jesus 9, New Arrivals 26/27, Premier League",yes,2026-09-08 15:44,wp
RFK,121565,RFK_AS_AW_AD_G.JESUS 9_26/27,Arsn@l G.JESUS 9 Away Men Replica Football Shirt 2026/27,https://replicafootballkits.com/product/arsnl-g-jesus-9-away-men-replica-football-shirt-2026-27/,"Arsn@l, G.Jesus 9, Popular Players, Premier League",yes,2026-09-08 15:41,wp
RFK,121553,RFK_AS_HO_KD_HAVERTZ 29_26/27,Arsn@l HAVERTZ 29 Home Kid Replica Football Kit 2026/27,https://replicafootballkits.com/product/arsnl-havertz-29-home-kid-replica-football-kit-2026-27/,"HAVERTZ 29, Arsn@l, New Arrivals 26/27, Popular Players, Premier League",yes,2026-09-08 15:35,wp
RFK,121541,RFK_AS_HO_AD_HAVERTZ 29_26/27,Arsn@l HAVERTZ 29 Home Men Replica Football Shirt 2026/27,https://replicafootballkits.com/product/arsnl-havertz-29-home-men-replica-football-shirt-2026-27/,"Premier League, Arsn@l, HAVERTZ 29, New Arrivals 26/27, Popular Players",yes,2026-09-08 15:30,wp
RFK,121528,RFK_AS_AW_KD_HAVERTZ 29_26/27,Arsn@l HAVERTZ 29 Away Kid Replica Football Kit 2026/27,https://replicafootballkits.com/product/arsnl-havertz-29-away-kid-replica-football-kit-2026-27/,"HAVERTZ 29, Arsn@l, New Arrivals 26/27, Popular Players, Premier League",yes,2026-09-08 15:22,wp
RFK,121517,RFK_AS_AW_AD_HAVERTZ 29_26/27,Arsn@l HAVERTZ 29 Away Men Replica Football Shirt 2026/27,https://replicafootballkits.com/product/arsnl-havertz-29-away-men-replica-football-shirt-2026-27/,"Premier League, Arsn@l, HAVERTZ 29, New Arrivals 26/27, Popular Players",yes,2026-09-08 15:17,wp
RFK,121503,RFK_AS_AW_KD_GYÖKERES 14_26/27,Arsn@l GYÖKERES 14 Away Kid Replica Football Kit 2026/27,https://replicafootballkits.com/product/arsnl-gyokeres-14-away-kid-replica-football-kit-2026-27/,"Premier League, Gyökeres 9, New Arrivals 26/27, Popular Players",yes,2026-09-08 15:09,wp
RFK,121492,RFK_AS_AW_AD_GYÖKERES 14_26/27,Arsn@l GYÖKERES 14 Away Men Replica Football Shirt 2026/27,https://replicafootballkits.com/product/arsnl-gyokeres-14-away-men-replica-football-shirt-2026-27/,"Premier League, Gyökeres 9, New Arrivals 26/27, Popular Players",yes,2026-09-08 15:04,wp
RFK,121479,RFK_AS_AW_KD_ØDEGAARD 8_26/27,Arsn@l ØDEGAARD 8 Away Kid Replica Football Kit 2026/27,https://replicafootballkits.com/product/arsnl-odegaard-8-away-kid-replica-football-kit-2026-27/,"Premier League, Arsn@l, ØDEGAARD 8, Popular Players",yes,2026-09-08 14:59,wp
RFK,121468,RFK_AS_AW_AD_ØDEGAARD 8_26/27,Arsn@l ØDEGAARD 8 Away Men Replica Football Shirt 2026/27,https://replicafootballkits.com/product/arsnl-odegaard-8-away-men-replica-football-shirt-2026-27/,"ØDEGAARD 8, Arsn@l, New Arrivals 26/27, Premier League",yes,2026-09-08 14:54,wp
RFK,121455,RFK_AS_AW_KD_SAKA 7_26/27,Arsn@l SAKA 7 Away Kid Replica Football Kit 2026/27,https://replicafootballkits.com/product/arsnl-saka-7-away-kid-replica-football-kit-2026-27/,"Premier League, Arsn@l, Popular Players, Saka 7",yes,2026-09-08 14:47,wp
RFK,121444,RFK_AS_AW_AD_SAKA 7_26/27,Arsn@l SAKA 7 Away Men Replica Football Shirt 2026/27,https://replicafootballkits.com/product/arsnl-saka-7-away-men-replica-football-shirt-2026-27/,"Premier League, Arsn@l, New Arrivals 26/27, Popular Players, Saka 7",yes,2026-09-08 14:42,wp
RFK,121431,RFK_AS_AW_KD_RICE 41_26/27,Arsn@l RICE 41 Away Kid Replica Football Kit 2026/27,https://replicafootballkits.com/product/arsnl-rice-41-away-kid-replica-football-kit-2026-27/,"RICE 41, Arsn@l, Popular Players, Premier League",yes,2026-09-08 14:36,wp
RFK,121420,RFK_AS_AW_AD_RICE 41_26/27,Arsn@l RICE 41 Away Men Replica Football Shirt 2026/27,https://replicafootballkits.com/product/arsnl-rice-41-away-men-replica-football-shirt-2026-27/,"Arsn@l, Popular Players, Premier League, RICE 41",yes,2026-09-08 14:15,wp
RFK,121406,RFK_AS_AW_KD_EZE 10_26/27,Arsn@l EZE 10 Away Kid Replica Football Kit 2026/27,https://replicafootballkits.com/product/arsnl-eze-10-away-kid-replica-football-kit-2026-27/,"Popular Players, Arsn@l, EZE 10, Premier League",yes,2026-09-08 14:06,wp
RFK,121396,RFK_AS_AW_AD_EZE 10_26/27,Arsn@l EZE 10 Away Men Replica Football Shirt 2026/27,https://replicafootballkits.com/product/arsnl-eze-10-away-men-replica-football-shirt-2026-27/,"EZE 10, Arsn@l, New Arrivals 26/27, Popular Players, Premier League",yes,2026-09-08 14:01,wp
RFK,121381,RFK_AS_AW_KD_CHAMPIONS 26_26/27,Arsn@l CHAMPIONS 26 Away Kid Replica Football Kit 2026/27,https://replicafootballkits.com/product/arsnl-champions-26-away-kid-replica-football-kit-2026-27/,Premier League,yes,2026-09-08 13:51,wp
RFK,121371,RFK_AS_AW_AD_CHAMPIONS 26_26/27,Arsn@l CHAMPIONS 26 Away Men Replica Football Shirt 2026/27,https://replicafootballkits.com/product/arsnl-champions-26-away-men-replica-football-shirt-2026-27/,"Premier League, New Arrivals 26/27",yes,2026-09-08 13:46,wp
RFK,121307,RFK_AS_HO_KD_G.JESUS 9_26/27,Arsn@l G.JESUS 9 Home Kid Replica Football Kit 2026/27,https://replicafootballkits.com/product/arsnl-g-jesus-9-home-kid-replica-football-kit-2026-27/,"Popular Players, Arsn@l, G.Jesus 9, Premier League",yes,2026-09-08 10:56,wp
RFK,121296,RFK_AS_HO_AD_G.JESUS 9_26/27,Arsn@l G.JESUS 9 Home Men Replica Football Shirt 2026/27,https://replicafootballkits.com/product/arsnl-g-jesus-9-home-men-replica-football-shirt-2026-27/,"Arsn@l, G.Jesus 9, Popular Players, Premier League",yes,2026-09-08 10:51,wp
RFK,121285,RFK_NC_AW_AD_THIAW 12_26/27,Newcastle THIAW 12 Away Men Replica Football Shirt 2026/27,https://replicafootballkits.com/product/nwstl-thiaw-12-away-men-replica-football-shirt-2026-27/,"New Arrivals 26/27, Newcastle, Popular Players, Premier League, THIAW 12",yes,2026-09-08 10:27,wp
RFK,121270,RFK_NC_AW_KD_THIAW 12_26/27,Newcastle THIAW 12 Away Kid Replica Football Kit 2026/27,https://replicafootballkits.com/product/nwstl-thiaw-12-away-kid-replica-football-kit-2026-27/,"New Arrivals 26/27, Newcastle, Popular Players, Premier League, THIAW 12",yes,2026-09-08 10:19,wp
RFK,121258,RFK_NC_HO_AD_THIAW 12_26/27,Newcastle THIAW 12 Home Men Replica Football Shirt 2026/27,https://replicafootballkits.com/product/nwstl-thiaw-12-home-men-replica-football-shirt-2026-27/,"New Arrivals 26/27, Newcastle, Popular Players, Premier League, THIAW 12",yes,2026-09-08 10:06,wp
RFK,121246,RFK_NC_HO_KD_THIAW 12_26/27,Newcastle THIAW 12 Home Kid Replica Football Kit 2026/27,https://replicafootballkits.com/product/nwstl-thiaw-12-home-kid-replica-football-kit-2026-27/,"New Arrivals 26/27, Newcastle, Popular Players, Premier League, THIAW 12",yes,2026-09-08 09:51,wp
RFK,120853,RFK_LU_HO_AD_OKAFOR 19_26/27,Leeds United OKAFOR 19 Home Men Replica Football Shirt 2026/27,https://replicafootballkits.com/product/leeds-united-okafor-19-home-men-replica-football-shirt-2026-27/,"Leeds United, New Arrivals 26/27, Okafor 19, Popular Players, Premier League",yes,2026-09-07 15:35,wp
RFK,120838,RFK_LU_HO_KD_OKAFOR 19_26/27,Leeds United OKAFOR 19 Home Kid Replica Football Kit 2026/27,https://replicafootballkits.com/product/leeds-united-okafor-19-home-kid-replica-football-kit-2026-27/,"Premier League, Leeds United, New Arrivals 26/27, Okafor 19",yes,2026-09-07 15:29,wp
RFK,120826,RFK_LU_HO_AD_No_26/27,Leeds United Home Men Replica Football Shirt 2026/27,https://replicafootballkits.com/product/leeds-united-home-men-replica-football-shirt-2026-27/,"Leeds United, New Arrivals 26/27, Premier League",yes,2026-09-07 15:09,wp
RFK,120812,RFK_LU_HO_KD_No_26/27,Leeds United Home Kid Replica Football Kit 2026/27,https://replicafootballkits.com/product/leeds-united-home-kid-replica-football-kit-2026-27/,"Premier League, Leeds United, New Arrivals 26/27",yes,2026-09-07 14:51,wp
RFK,120594,RFK_CP_HO_KD_No_26/27,Crystal Palace Home Kid Replica Football Kit 2026/27,https://replicafootballkits.com/product/crystal-palace-home-kid-replica-football-kit-2026-27/,"Crystal Palace, New Arrivals 26/27, Premier League",NO,2026-09-07 04:22,wp
RFK,120583,RFK_CH_BGK_AD_SÃNCHEZ 1_26/27,Chelsea SÃNCHEZ 1 Goalkeeper Men Replica Football Shirt 2026/27,https://replicafootballkits.com/product/c-s-sanchez-1-goalkeeper-men-replica-football-shirt-2026-27/,"SÃNCHEZ 1, Chelsea, New Arrivals 26/27, Popular Players, Premier League",yes,2026-09-07 03:58,wp
RFK,120570,RFK_CH_GK_KD_SÃNCHEZ 1_26/27,Chelsea SÃNCHEZ 1 Goalkeeper Kid Replica Football Kit 2026/27,https://replicafootballkits.com/product/c-s-sanchez-1-goalkeeper-kid-replica-football-kit-2026-27/,"SÃNCHEZ 1, Chelsea, New Arrivals 26/27, Popular Players, Premier League",yes,2026-09-07 03:50,wp
RFK,120551,RFK_CH_AW_KD_CAICEDO 25_26/27,Chelsea CAICEDO 25 Away Kid Replica Football Kit 2026/27,https://replicafootballkits.com/product/c-s-caicedo-25-away-kid-replica-football-kit-2026-27/,"Popular Players, Caicedo 25, Chelsea, New Arrivals 26/27, Premier League",yes,2026-09-06 11:28,wp
RFK,120539,RFK_CH_AW_AD_CAICEDO 25_26/27,Chelsea CAICEDO 25 Away Men Replica Football Shirt 2026/27,https://replicafootballkits.com/product/c-s-caicedo-25-away-men-replica-football-shirt-2026-27/,"Popular Players, Caicedo 25, Chelsea, New Arrivals 26/27, Premier League",yes,2026-09-06 11:11,wp
RFK,120501,RFK_CH_AW_KD_PALMER 10_26/27,Chelsea PALMER 10 Away Kid Replica Football Kit 2026/27,https://replicafootballkits.com/product/c-s-palmer-10-away-kid-replica-football-kit-2026-27/,"Popular Players, Chelsea, New Arrivals 26/27, Palmer 24, Premier League",yes,2026-09-06 10:44,wp
RFK,120490,RFK_CH_AW_AD_PALMER 10_26/27,Chelsea PALMER 10 Away Men Replica Football Shirt 2026/27,https://replicafootballkits.com/product/c-s-palmer-10-away-men-replica-football-shirt-2026-27/,"Popular Players, Chelsea, New Arrivals 26/27, Palmer 24, Premier League",yes,2026-09-06 10:38,wp
RFK,120477,RFK_CH_AW_KD_JOÃO PEDRO 20_26/27,Chelsea JOÃO PEDRO 20 Away Kid Replica Football Kit 2026/27,https://replicafootballkits.com/product/c-s-joao-pedro-20-away-kid-replica-football-kit-2026-27/,"Popular Players, Chelsea, João Pedro 9, New Arrivals 26/27, Premier League",yes,2026-09-06 10:33,wp
RFK,120464,RFK_CH_AW_AD_JOÃO PEDRO 20_26/27,Chelsea JOÃO PEDRO 20 Away Men Replica Football Shirt 2026/27,https://replicafootballkits.com/product/c-s-joao-pedro-20-away-men-replica-football-shirt-2026-27/,"Popular Players, Chelsea, João Pedro 9, New Arrivals 26/27, Premier League",yes,2026-09-06 10:16,wp
RFK,120449,RFK_CH_AW_KD_GARNACHO 49_26/27,Chelsea GARNACHO 49 Away Kid Replica Football Kit 2026/27,https://replicafootballkits.com/product/c-s-garnacho-49-away-kid-replica-football-kit-2026-27/,"Popular Players, Chelsea, GARNACHO 17, New Arrivals 26/27, Premier League",yes,2026-09-06 10:08,wp
RFK,120438,RFK_CH_AW_AD_GARNACHO 49_26/27,Chelsea GARNACHO 49 Away Men Replica Football Shirt 2026/27,https://replicafootballkits.com/product/c-s-garnacho-49-away-men-replica-football-shirt-2026-27/,"Popular Players, Chelsea, GARNACHO 17, New Arrivals 26/27, Premier League",yes,2026-09-06 09:49,wp
RFK,120425,RFK_CH_HO_KD_CAICEDO 25_26/27,Chelsea CAICEDO 25 Home Kid Replica Football Kit 2026/27,https://replicafootballkits.com/product/c-s-caicedo-25-home-kid-replica-football-kit-2026-27/,"Popular Players, Caicedo 25, Chelsea, New Arrivals 26/27, Premier League",yes,2026-09-06 09:40,wp
RFK,120414,RFK_CH_HO_AD_CAICEDO 25_26/27,Chelsea CAICEDO 25 Home Men Replica Football Shirt 2026/27,https://replicafootballkits.com/product/c-s-caicedo-25-home-men-replica-football-shirt-2026-27/,"Popular Players, Caicedo 25, Chelsea, New Arrivals 26/27, Premier League",yes,2026-09-06 09:25,wp
RFK,120403,RFK_MC_AW_AD_O&#8217;REILLY 33_26/27,Manchester City O’REILLY 33 Away Men Replica Football Shirt 2026/27,https://replicafootballkits.com/product/manchester-city-oreilly-33-away-men-replica-football-shirt-2026-27/,"Manchester City, New Arrivals 26/27, O'Reilly 3, Popular Players, Premier League",yes,2026-09-06 06:46,wp
RFK,120388,RFK_MC_AW_KD_O&#8217;REILLY 33_26/27,Manchester City O’REILLY 33 Away Kid Replica Football Kit 2026/27,https://replicafootballkits.com/product/m-c-oreilly-33-away-kid-replica-football-kit-2026-27/,"Popular Players, Manchester City, New Arrivals 26/27, O'Reilly 3, Premier League",yes,2026-09-06 06:42,wp
RFK,120377,RFK_MC_AW_AD_CHERKI 10_26/27,Manchester City CHERKI 10 Away Men Replica Football Shirt 2026/27,https://replicafootballkits.com/product/m-c-cherki-10-away-men-replica-football-shirt-2026-27/,"CHERKI 10, Manchester City, New Arrivals 26/27, Popular Players, Premier League",yes,2026-09-06 06:36,wp
RFK,120364,RFK_MC_AW_KD_CHERKI 10_26/27,Manchester City CHERKI 10 Away Kid Replica Football Kit 2026/27,https://replicafootballkits.com/product/m-c-cherki-10-away-kid-replica-football-kit-2026-27/,"CHERKI 10, Manchester City, New Arrivals 26/27, Popular Players, Premier League",yes,2026-09-06 06:31,wp
RFK,120351,RFK_MC_AW_KD_RODRIGO 16_26/27,Manchester City RODRIGO 16 Away Kid Replica Football Kit 2026/27,https://replicafootballkits.com/product/m-c-rodrigo-16-away-kid-replica-football-kit-2026-27/,"Popular Players, Manchester City, New Arrivals 26/27, Premier League, RODRIGO 16",yes,2026-09-06 06:25,wp
RFK,120340,RFK_MC_AW_AD_RODRIGO 16_26/27,Manchester City RODRIGO 16 Away Men Replica Football Shirt 2026/27,https://replicafootballkits.com/product/m-c-rodrigo-16-away-men-replica-football-shirt-2026-27/,"Manchester City, New Arrivals 26/27, Popular Players, Premier League, RODRIGO 16",yes,2026-09-06 06:21,wp
RFK,120327,RFK_MC_AW_KD_RÚBEN 3_26/27,Manchester City RÚBEN 3 Away Kid Replica Football Kit 2026/27,https://replicafootballkits.com/product/m-c-ruben-3-away-kid-replica-football-kit-2026-27/,"Popular Players, Manchester City, New Arrivals 26/27, Premier League, RÚBEN 3",yes,2026-09-06 06:15,wp
RFK,120316,RFK_MC_AW_AD_RÚBEN 3_26/27,Manchester City RÚBEN 3 Away Men Replica Football Shirt 2026/27,https://replicafootballkits.com/product/m-c-ruben-3-away-men-replica-football-shirt-2026-27/,"Manchester City, New Arrivals 26/27, Popular Players, Premier League, RÚBEN 3",yes,2026-09-06 06:09,wp
RFK,120303,RFK_MC_AW_KD_FODEN 47_26/27,Manchester City FODEN 47 Away Kid Replica Football Kit 2026/27,https://replicafootballkits.com/product/m-c-foden-47-away-kid-replica-football-kit-2026-27/,"Popular Players, Foden 47, Manchester City, New Arrivals 26/27, Premier League",yes,2026-09-06 06:04,wp
RFK,120292,RFK_MC_AW_AD_FODEN 47_26/27,Manchester City FODEN 47 Away Men Replica Football Shirt 2026/27,https://replicafootballkits.com/product/m-c-foden-47-away-men-replica-football-shirt-2026-27/,"Manchester City, Foden 47, New Arrivals 26/27, Popular Players, Premier League",yes,2026-09-06 05:59,wp
RFK,120279,RFK_MC_AW_KD_MARMOUSH 7_26/27,Manchester City MARMOUSH 7 Away Kid Replica Football Kit 2026/27,https://replicafootballkits.com/product/m-c-marmoush-7-away-kid-replica-football-kit-2026-27/,"Popular Players, Manchester City, Marmoush 7, Premier League",yes,2026-09-06 05:54,wp
RFK,120267,RFK_MC_AW_AD_MARMOUSH 7_26/27,Manchester City MARMOUSH 7 Away Men Replica Football Shirt 2026/27,https://replicafootballkits.com/product/m-c-marmoush-7-away-men-replica-football-shirt-2026-27/,"Manchester City, Marmoush 7, New Arrivals 26/27, Popular Players, Premier League",yes,2026-09-06 05:47,wp
RFK,120256,RFK_MC_AW_AD_HAALAND 9_26/27,Manchester City HAALAND 9 Away Men Replica Football Shirt 2026/27,https://replicafootballkits.com/product/m-c-haaland-9-away-men-replica-football-shirt-2026-27/,"Manchester City, Haaland 9, Popular Players, Premier League",yes,2026-09-06 05:42,wp
RFK,120235,RFK_MC_AW_KD_HAALAND 9_26/27,Manchester City HAALAND 9 Away Kid Replica Football Kit 2026/27,https://replicafootballkits.com/product/m-c-haaland-9-away-kid-replica-football-kit-2026-27/,"Popular Players, Haaland 9, Manchester City, New Arrivals 26/27, Premier League",yes,2026-09-06 05:35,wp
RFK,120222,RFK_MC_AW_KD_SEMENYO 42_26/27,Manchester City SEMENYO 42 Away Kid Replica Football Kit 2026/27,https://replicafootballkits.com/product/m-c-semenyo-42-away-kid-replica-football-kit-2026-27/,"Popular Players, Manchester City, Premier League, Semenyo 42",yes,2026-09-06 05:23,wp
RFK,120210,RFK_MC_AW_AD_SEMENYO 42_26/27,Manchester City SEMENYO 42 Away Men Replica Football Shirt 2026/27,https://replicafootballkits.com/product/m-c-semenyo-42-away-men-replica-football-shirt-2026-27/,"Manchester City, New Arrivals 26/27, Popular Players, Premier League, Semenyo 42",yes,2026-09-06 05:18,wp
RFK,120199,RFK_MC_HO_AD_WINNERS 26_26/27,Manchester City WINNERS 26 Home Men Replica Football Shirt 2026/27,https://replicafootballkits.com/product/m-c-winners-26-home-men-replica-football-shirt-2026-27/,"Manchester City, Popular Players, Premier League",yes,2026-09-06 05:09,wp
RFK,120187,RFK_MC_HO_KD_WINNERS 26_26/27,Manchester City WINNERS 26 Home Kid Replica Football Kit 2026/27,https://replicafootballkits.com/product/m-c-winners-26-home-kid-replica-football-kit-2026-27/,"Popular Players, Manchester City, Premier League",yes,2026-09-06 05:05,wp
RFK,120174,RFK_MC_HO_KD_SEMENYO 42_26/27,Manchester City SEMENYO 42 Home Kid Replica Football Kit 2026/27,https://replicafootballkits.com/product/m-c-semenyo-42-home-kid-replica-football-kit-2026-27/,"Popular Players, Manchester City, Premier League, Semenyo 42",yes,2026-09-06 04:58,wp
RFK,120163,RFK_MC_HO_AD_SEMENYO 42_26/27,Manchester City SEMENYO 42 Home Men Replica Football Shirt 2026/27,https://replicafootballkits.com/product/m-c-semenyo-42-home-men-replica-football-shirt-2026-27/,"Manchester City, New Arrivals 26/27, Popular Players, Premier League, Semenyo 42",yes,2026-09-06 03:51,wp
RFK,120149,RFK_BO_HO_KD_No_26/27,Bournemouth Home Kid Replica Football Kit 2026/27,https://replicafootballkits.com/product/bournemouth-home-kid-replica-football-kit-2026-27/,"Premier League, Bournemouth, New Arrivals 26/27",yes,2026-09-06 03:42,wp
RFK,120138,RFK_BM_AW_AD_OLISE 17_26/27,Bayern Munich OLISE 17 Away Men Replica Football Shirt 2026/27,https://replicafootballkits.com/product/bay-mu-olise-17-away-men-replica-football-shirt-2026-27/,"Bayern Munich, Bundesliga, Olise 17, Popular Players",yes,2026-09-06 03:35,wp
RFK,120124,RFK_BM_AW_KD_OLISE 17_26/27,Bayern Munich OLISE 17 Away Kid Replica Football Kit 2026/27,https://replicafootballkits.com/product/bay-mu-olise-17-away-kid-replica-football-kit-2026-27/,"Bayern Munich, Bundesliga, Olise 17, Popular Players",yes,2026-09-06 03:30,wp
RFK,120113,RFK_BM_AW_AD_MUSIALA 10_26/27,Bayern Munich MUSIALA 10 Away Men Replica Football Shirt 2026/27,https://replicafootballkits.com/product/bay-mu-musiala-10-away-men-replica-football-shirt-2026-27/,"MUSIALA 42, Bayern Munich, Bundesliga, Popular Players",yes,2026-09-06 03:24,wp
RFK,120100,RFK_BM_AW_KD_MUSIALA 10_26/27,Bayern Munich MUSIALA 10 Away Kid Replica Football Kit 2026/27,https://replicafootballkits.com/product/bay-mu-musiala-10-away-kid-replica-football-kit-2026-27/,"Bayern Munich, Bundesliga, MUSIALA 42, New Arrivals 26/27, Popular Players",yes,2026-09-06 03:19,wp
RFK,120089,RFK_BM_AW_AD_KANE 9_26/27,Bayern Munich KANE 9 Away Men Replica Football Shirt 2026/27,https://replicafootballkits.com/product/bay-mu-kane-9-away-men-replica-football-shirt-2026-27/,"Kane 9, Bayern Munich, Bundesliga, New Arrivals 26/27, Popular Players",yes,2026-09-06 03:11,wp
RFK,120075,RFK_BM_AW_KD_KANE 9_26/27,Bayern Munich KANE 9 Away Kid Replica Football Kit 2026/27,https://replicafootballkits.com/product/bay-mu-kane-9-away-kid-replica-football-kit-2026-27/,"Bayern Munich, Bundesliga, Kane 9, Popular Players",yes,2026-09-06 03:03,wp
RFK,120050,RFK_BA_AW_KD_FERRAN 7_26/27,Barcelona FERRAN 7 Away Kid Replica Football Kit 2026/27,https://replicafootballkits.com/product/brclna-ferran-7-away-kid-replica-football-kit-2026-27/,"La Liga, Barcelona, Ferran 7, Popular Players",yes,2026-09-05 15:41,wp
RFK,120037,RFK_BA_AW_AD_FERRAN 7_26/27,Barcelona FERRAN 7 Away Men Replica Football Shirt 2026/27,https://replicafootballkits.com/product/brclna-ferran-7-away-men-replica-football-shirt-2026-27/,"Barcelona, Ferran 7, La Liga, Popular Players",yes,2026-09-05 15:35,wp
RFK,120024,RFK_BA_HO_KD_FERRAN 7_26/27,Barcelona FERRAN 7 Home Kid Replica Football Kit 2026/27,https://replicafootballkits.com/product/brclna-ferran-7-home-kid-replica-football-kit-2026-27/,"La Liga, Barcelona, Ferran 7, Popular Players",yes,2026-09-05 15:29,wp
RFK,120012,RFK_BA_HO_AD_FERRAN 7_26/27,Barcelona FERRAN 7 Home Men Replica Football Shirt 2026/27,https://replicafootballkits.com/product/brclna-ferran-7-home-men-replica-football-shirt-2026-27/,"Barcelona, Ferran 7, La Liga, Popular Players",yes,2026-09-05 15:22,wp
RFK,119966,RFK_ACM_TH_AD_RAFA LEÃO 10_26/27,AC Milan RAFA LEÃO 10 Third Men Replica Football Shirt 2026/27,https://replicafootballkits.com/product/a-c-m-rafa-leao-10-third-men-replica-football-shirt-2026-27/,"RAFA LEÃO 10, AC Milan, New Arrivals 26/27, Popular Players, Serie A",yes,2026-09-05 13:41,wp
RFK,119953,RFK_ACM_TH_KD_RAFA LEÃO 10_26/27,AC Milan RAFA LEÃO 10 Third Kid Replica Football Kit 2026/27,https://replicafootballkits.com/product/a-c-m-rafa-leao-10-third-kid-replica-football-kit-2026-27/,"Serie A, AC Milan, New Arrivals 26/27, Popular Players, RAFA LEÃO 10",yes,2026-09-05 13:33,wp
RFK,119940,RFK_ACM_TH_AD_MODRIĆ 14_26/27,AC Milan MODRIĆ 14 Third Men Replica Football Shirt 2026/27,https://replicafootballkits.com/product/a-c-m-modric-14-third-men-replica-football-shirt-2026-27/,"New Arrivals 26/27, AC Milan, MODRIĆ 10, Popular Players, Serie A",yes,2026-09-05 13:14,wp
RFK,119925,RFK_ACM_TH_KD_MODRIĆ 14_26/27,AC Milan MODRIĆ 14 Third Kid Replica Football Kit 2026/27,https://replicafootballkits.com/product/a-c-m-modric-14-third-kid-replica-football-kit-2026-27/,"Serie A, AC Milan, MODRIĆ 10, New Arrivals 26/27, Popular Players",yes,2026-09-05 12:57,wp
RFK,119911,RFK_ACM_TH_KD_No_26/27,AC Milan Third Kid Replica Football Kit 2026/27,https://replicafootballkits.com/product/a-c-m-third-kid-replica-football-kit-2026-27/,"AC Milan, New Arrivals 26/27, Serie A",yes,2026-09-05 12:46,wp
RFK,119898,RFK_ACM_AW_AD_RAFA LEÃO 10_26/27,AC Milan RAFA LEÃO 10 Away Men Replica Football Shirt 2026/27,https://replicafootballkits.com/product/a-c-m-rafa-leao-10-away-men-replica-football-shirt-2026-27/,"RAFA LEÃO 10, AC Milan, New Arrivals 26/27, Popular Players, Serie A",yes,2026-09-05 10:53,wp
RFK,119886,RFK_ACM_AW_KD_RAFA LEÃO 10_26/27,AC Milan RAFA LEÃO 10 Away Kid Replica Football Kit 2026/27,https://replicafootballkits.com/product/a-c-m-rafa-leao-10-away-kid-replica-football-kit-2026-27/,"Serie A, AC Milan, New Arrivals 26/27, Popular Players, RAFA LEÃO 10",yes,2026-09-05 10:47,wp
RFK,119875,RFK_ACM_AW_AD_MODRIĆ 14_26/27,AC Milan MODRIĆ 14 Away Men Replica Football Shirt 2026/27,https://replicafootballkits.com/product/a-c-m-modric-14-away-men-replica-football-shirt-2026-27/,"New Arrivals 26/27, AC Milan, MODRIĆ 10, Popular Players, Serie A",yes,2026-09-05 10:42,wp
RFK,119861,RFK_ACM_AW_KD_MODRIĆ 14_26/27,AC Milan MODRIĆ 14 Away Kid Replica Football Kit 2026/27,https://replicafootballkits.com/product/a-c-m-modric-14-away-kid-replica-football-kit-2026-27/,"Serie A, AC Milan, MODRIĆ 10, New Arrivals 26/27, Popular Players",yes,2026-09-05 10:37,wp
RFK,119847,RFK_ACM_AW_KD_No_26/27,AC Milan Away Kid Replica Football Kit 2026/27,https://replicafootballkits.com/product/a-c-m-away-kid-replica-football-kit-2026-27/,"AC Milan, New Arrivals 26/27, Serie A",yes,2026-09-05 10:29,wp
RFK,119836,RFK_ACM_HO_AD_RAFA LEÃO 10_26/27,AC Milan RAFA LEÃO 10 Home Men Replica Football Shirt 2026/27,https://replicafootballkits.com/product/a-c-m-rafa-leao-10-home-men-replica-football-shirt-2026-27/,"RAFA LEÃO 10, AC Milan, New Arrivals 26/27, Popular Players, Serie A",yes,2026-09-05 10:19,wp
RFK,119823,RFK_ACM_HO_KD_RAFA LEÃO 10_26/27,AC Milan RAFA LEÃO 10 Home Kid Replica Football Kit 2026/27,https://replicafootballkits.com/product/a-c-m-rafa-leao-10-home-kid-replica-football-kit-2026-27/,"Serie A, AC Milan, New Arrivals 26/27, Popular Players, RAFA LEÃO 10",yes,2026-09-05 10:11,wp
RFK,119812,RFK_ACM_HO_AD_MODRIĆ 14_26/27,AC Milan MODRIĆ 14 Home Men Replica Football Shirt 2026/27,https://replicafootballkits.com/product/a-c-m-modric-14-home-men-replica-football-shirt-2026-27/,"New Arrivals 26/27, AC Milan, MODRIĆ 10, Popular Players, Serie A",yes,2026-09-05 10:03,wp
RFK,119799,RFK_ACM_HO_KD_MODRIĆ 14_26/27,AC Milan MODRIĆ 14 Home Kid Replica Football Kit 2026/27,https://replicafootballkits.com/product/a-c-m-modric-14-home-kid-replica-football-kit-2026-27/,"Serie A, AC Milan, MODRIĆ 10, New Arrivals 26/27, Popular Players",yes,2026-09-05 09:51,wp
RFK,119788,RFK_BRZ_GK_AD_A.BECKER 1_2026,Brazil World Cup 2026 A.BECKER 1 Goalkeeper Men Replica Football Shirt,https://replicafootballkits.com/product/brazil-world-cup-2026-a-becker-1-goalkeeper-men-replica-football-shirt/,"National Teams, A.Becker 1, Brazil, Popular Players, SOUTH AMERICA, WORLD CUP 2026",yes,2026-09-05 09:41,wp
RFK,119775,RFK_BRZ_GreenGK_KD_A.BECKER 1_2026,Brazil World Cup 2026 A.BECKER 1 Green Goalkeeper Kid Replica Football Kit,https://replicafootballkits.com/product/brazil-world-cup-2026-a-becker-1-green-goalkeeper-kid-replica-football-kit/,"National Teams, A.Becker 1, Brazil, Popular Players, SOUTH AMERICA, WORLD CUP 2026",yes,2026-09-05 09:20,wp
RFK,119670,RFK_RM_AWLS_KD_No_16/17,Retro Real Madrid Away Kid Replica Football Kit 2016/17 Long Sleeve,https://replicafootballkits.com/product/retro-rl-md-away-kid-replica-football-kit-2016-17-long-sleeve/,"La Liga, Real Madrid, Retro Real Madrid, Retro Shirts & Kits",yes,2026-09-02 08:41,wp
CFS,82169,CFS_WF_HO_KD_No_26/27,Watford Home Kids Cheap Football Kit 2026/27,https://cheapfootballshirts.com/product/watford-home-kids-cheap-football-kit-2026-27/,"Shop By League, EFL, Watford",yes,2026-09-30 16:25,wp
CFS,82161,CFS_SCH_HO_KD_No_26/27,Schalke 04 Home Kids Cheap Football Kit 2026/27,https://cheapfootballshirts.com/product/schalke-04-home-kids-cheap-football-kit-2026-27/,"Shop By League, Bundesliga, Schalke 04",yes,2026-09-30 16:21,wp
CFS,82153,CFS_SCH_AW_KD_No_26/27,Schalke 04 Away Kids Cheap Football Kit 2026/27,https://cheapfootballshirts.com/product/schalke-04-away-kids-cheap-football-kit-2026-27/,"Shop By League, Bundesliga, Schalke 04",yes,2026-09-30 16:14,wp
CFS,82138,CFS_WAL_HO_KD_No_2027,Wales Home Kids Cheap Football Kit 2027,https://cheapfootballshirts.com/product/wales-home-kids-cheap-football-kit-2027/,"Shop By League, International, Wales",yes,2026-09-30 15:44,wp
CFS,82130,CFS_FKF_AW_KD_No_26/27,Frankfurt Away Kids Cheap Football Kit 2026/27,https://cheapfootballshirts.com/product/frankfurt-away-kids-cheap-football-kit-2026-27/,"Shop By League, Bundesliga, Eintracht Frankfurt",yes,2026-09-30 15:35,wp
CFS,82122,CFS_BRC_HO_KD_No_26/27,Bristol City Home Kids Cheap Football Kit 2026/27,https://cheapfootballshirts.com/product/bristol-city-home-kids-cheap-football-kit-2026-27/,"Shop By League, Bristol City, Other Clubs",yes,2026-09-30 15:25,wp
CFS,82114,CFS_SC_HO_KD_No_26/27,Stoke City Home Kids Cheap Football Kit 2026/27,https://cheapfootballshirts.com/product/stoke-city-home-kids-cheap-football-kit-2026-27/,"Shop By League, EFL, Stoke City",yes,2026-09-30 15:17,wp
CFS,82106,CFS_SC_AW_KD_No_26/27,Stoke City Away Kids Cheap Football Kit 2026/27,https://cheapfootballshirts.com/product/stoke-city-away-kids-cheap-football-kit-2026-27/,"Shop By League, EFL, Stoke City",yes,2026-09-30 15:07,wp
CFS,82098,CFS_FLM_TH_KD_No_26/27,Flamengo Third Kids Cheap Football Kit 2026/27,https://cheapfootballshirts.com/product/flamengo-third-kids-cheap-football-kit-2026-27/,"Shop By League, Flamengo, Other Clubs",yes,2026-09-30 15:00,wp
CFS,82090,CFS_BO_AW_KD_No_26/27,Bolton Away Kids Cheap Football Kit 2026/27,https://cheapfootballshirts.com/product/bolton-away-kids-cheap-football-kit-2026-27/,"Shop By League, Bolton Wanderers, EFL",yes,2026-09-30 14:52,wp
CFS,82082,CFS_ENG_HO_KD_No_1982,Retro England Home Kids Cheap Football Kit 1982,https://cheapfootballshirts.com/product/retro-england-home-kids-cheap-football-kit-1982/,"RETRO, England, International Teams, Retro England",yes,2026-09-30 14:39,wp
CFS,82074,CFS_RO_AW_KD_No_26/27,Real Oviedo Away Kids Cheap Football Kit 2026/27,https://cheapfootballshirts.com/product/real-oviedo-away-kids-cheap-football-kit-2026-27/,"Shop By League, La Liga, Real Oviedo",yes,2026-09-30 14:32,wp
CFS,82066,CFS_RO_HO_KD_No_26/27,Real Oviedo Home Kids Cheap Football Kit 2026/27,https://cheapfootballshirts.com/product/real-oviedo-home-kids-cheap-football-kit-2026-27/,"Shop By League, La Liga, Real Oviedo",yes,2026-09-30 14:24,wp
CFS,82058,CFS_DBC_AW_KD_No_26/27,Derby County Away Kids Cheap Football Kit 2026/27,https://cheapfootballshirts.com/product/derby-county-away-kids-cheap-football-kit-2026-27/,"Shop By League, Derby County, EFL",NO,2026-09-30 14:15,wp
CFS,82050,CFS_CC_TH_KD_No_26/27,Coventry City Third Kids Cheap Football Kit 2026/27,https://cheapfootballshirts.com/product/coventry-city-third-kids-cheap-football-kit-2026-27/,"Shop By League, Coventry City, Premier League",yes,2026-09-30 14:06,wp
CFS,81885,CFS_EVE_HO_ADK_No_26/27,Everton Home Adult Cheap Football Kit 2026/27,https://cheapfootballshirts.com/product/everton-home-adult-cheap-football-kit-2026-27/,"Shop By League, Everton, Premier League",yes,2026-09-26 14:35,wp
CFS,81874,CFS_NAP_HO_ADK_No_26/27,SSC Napoli Home Adult Cheap Football Kit 2026/27,https://cheapfootballshirts.com/product/ssc-napoli-home-adult-cheap-football-kit-2026-27/,"Shop By League, Serie A, SSC Napoli",yes,2026-09-26 14:21,wp
CFS,81863,CFS_MC_AW_ADK_No_26/27,Manchester City Away Adult Cheap Football Kit 2026/27,https://cheapfootballshirts.com/product/manchester-city-away-adult-cheap-football-kit-2026-27/,"Premier League, Manchester City, Shop By League",yes,2026-09-26 14:11,wp
CFS,81845,CFS_RS_HO_ADK_No_26/27,Real Sociedad Home Adult Cheap Football Kit 2026/27,https://cheapfootballshirts.com/product/real-sociedad-home-adult-cheap-football-kit-2026-27/,"Shop By League, La Liga, Real Sociedad",yes,2026-09-26 13:58,wp
CFS,81836,CFS_RS_AW_ADK_No_26/27,Real Sociedad Away Adult Cheap Football Kit 2026/27,https://cheapfootballshirts.com/product/real-sociedad-away-adult-cheap-football-kit-2026-27/,"Shop By League, La Liga, Real Sociedad",yes,2026-09-26 13:52,wp
CFS,81825,CFS_ITM_YellowGK_KD_No_26/27,Inter Milan Yellow Goalkeeper Kids Cheap Football Kit 2026/27,https://cheapfootballshirts.com/product/inter-milan-yellow-goalkeeper-kids-cheap-football-kit-2026-27/,"Shop By League, Goalkeeper, Inter Milan, Serie A, Shop by Type",yes,2026-09-26 13:46,wp
CFS,81814,CFS_ITM_YellowGK_ADK_No_26/27,Inter Milan Yellow Goalkeeper Adult Cheap Football Kit 2026/27,https://cheapfootballshirts.com/product/inter-milan-yellow-goalkeeper-adult-cheap-football-kit-2026-27/,"Shop By League, Goalkeeper, Inter Milan, Serie A, Shop by Type",yes,2026-09-26 13:37,wp
CFS,81796,CFS_NC_GreenGK_ADK_No_26/27,Newcastle United Green Goalkeeper Adult Cheap Football Kit 2026/27,https://cheapfootballshirts.com/product/newcastle-united-green-goalkeeper-adult-cheap-football-kit-2026-27/,"Shop By League, Goalkeeper, Newcastle United, Premier League, Shop by Type",yes,2026-09-26 13:27,wp
CFS,81776,CFS_Ajax_GreenGK_ADK_No_26/27,Ajax Green Goalkeeper Adult Cheap Football Kit 2026/27,https://cheapfootballshirts.com/product/ajax-green-goalkeeper-adult-cheap-football-kit-2026-27/,"Shop By League, Ajax, Goalkeeper, Other Clubs, Shop by Type",yes,2026-09-26 13:17,wp
CFS,81765,CFS_Ajax_BlackGK_ADK_No_26/27,Ajax Black Goalkeeper Adult Cheap Football Kit 2026/27,https://cheapfootballshirts.com/product/ajax-black-goalkeeper-adult-cheap-football-kit-2026-27/,"Shop By League, Ajax, Goalkeeper, Other Clubs, Shop by Type",yes,2026-09-26 13:11,wp
CFS,81744,CFS_AV_GreenGK_ADK_No_26/27,Aston Villa Green Goalkeeper Adult Cheap Football Kit 2026/27,https://cheapfootballshirts.com/product/aston-villa-green-goalkeeper-adult-cheap-football-kit-2026-27/,"Shop By League, Aston Villa, Goalkeeper, Premier League, Shop by Type",yes,2026-09-26 01:45,wp
CFS,81734,CFS_CHE_BlackGK_ADK_No_26/27,Chelsea Black Goalkeeper Adult Cheap Football Kit 2026/27,https://cheapfootballshirts.com/product/chelsea-black-goalkeeper-adult-cheap-football-kit-2026-27/,"Shop By League, Chelsea, Goalkeeper, Premier League, Shop by Type",yes,2026-09-26 01:35,wp
CFS,81726,CFS_NC_GreyGK_ADK_No_26/27,Newcastle United Grey Goalkeeper Adult Cheap Football Kit 2026/27,https://cheapfootballshirts.com/product/newcastle-united-grey-goalkeeper-adult-cheap-football-kit-2026-27/,"Shop By League, Goalkeeper, Newcastle United, Premier League, Shop by Type",yes,2026-09-26 01:30,wp
CFS,81702,CFS_PA_AW_ADK_No_26/27,Palermo FC Away Adult Cheap Football Kit 2026/27,https://cheapfootballshirts.com/product/palermo-fc-away-adult-cheap-football-kit-2026-27/,"Shop By League, Other Clubs, Palermo FC",yes,2026-09-23 04:10,wp
CFS,81681,CFS_CHE_OrangeGK_ADK_No_26/27,Chelsea Orange Goalkeeper Adult Cheap Football Kit 2026/27,https://cheapfootballshirts.com/product/chelsea-orange-goalkeeper-adult-cheap-football-kit-2026-27/,"Shop By League, Chelsea, Goalkeeper, Premier League, Shop by Type",yes,2026-09-23 03:52,wp
CFS,81671,CFS_AV_GreyGK_ADK_No_26/27,Aston Villa Grey Goalkeeper Adult Cheap Football Kit 2026/27,https://cheapfootballshirts.com/product/aston-villa-grey-goalkeeper-adult-cheap-football-kit-2026-27/,"Shop By League, Aston Villa, Goalkeeper, Premier League, Shop by Type",yes,2026-09-23 03:46,wp
CFS,81661,CFS_BAR_YellowGK_ADK_No_26/27,Barcelona Yellow Goalkeeper Adult Cheap Football Kit 2026/27,https://cheapfootballshirts.com/product/barcelona-yellow-goalkeeper-adult-cheap-football-kit-2026-27/,"Barcelona, Goalkeeper, La Liga, Shop By League, Shop by Type",yes,2026-09-23 03:37,wp
CFS,81649,CFS_BM_TH_ADK_No_26/27,Bayern Munich Third Adult Cheap Football Kit 2026/27,https://cheapfootballshirts.com/product/bayern-munich-third-adult-cheap-football-kit-2026-27/,"Shop By League, Bayern Munich, Bundesliga",yes,2026-09-23 03:31,wp
CFS,81640,CFS_ASR_HO_ADK_No_26/27,AS Roma Home Adult Cheap Football Kit 2026/27,https://cheapfootballshirts.com/product/as-roma-home-adult-cheap-football-kit-2026-27/,"Shop By League, AS Roma, Serie A",yes,2026-09-23 03:25,wp
CFS,81631,CFS_NC_HO_ADK_No_26/27,Newcastle United Home Adult Cheap Football Kit 2026/27,https://cheapfootballshirts.com/product/newcastle-united-home-adult-cheap-football-kit-2026-27/,"Shop By League, Newcastle United, Premier League",yes,2026-09-23 03:19,wp
CFS,81624,CFS_NAP_AW_ADK_No_26/27,SSC Napoli Away Adult Cheap Football Kit 2026/27,https://cheapfootballshirts.com/product/ssc-napoli-away-adult-cheap-football-kit-2026-27/,"Shop By League, Serie A, SSC Napoli",NO,2026-09-23 02:34,wp
CFS,81618,CFS_NAP_TH_ADK_No_26/27,SSC Napoli Third Adult Cheap Football Kit 2026/27,https://cheapfootballshirts.com/product/ssc-napoli-third-adult-cheap-football-kit-2026-27/,"Shop By League, Serie A, SSC Napoli",yes,2026-09-23 02:27,wp
CFS,81606,CFS_TW_HO_KD_No_26/27,Twente Home Kids Cheap Football Kit 2026/27,https://cheapfootballshirts.com/product/twente-home-kids-cheap-football-kit-2026-27/,"Shop By League, FC Twente, Other Leagues",yes,2026-09-23 02:20,wp
CFS,81594,CFS_TW_AW_KD_No_26/27,Twente Away Kids Cheap Football Kit 2026/27,https://cheapfootballshirts.com/product/twente-away-kids-cheap-football-kit-2026-27/,"Shop By League, FC Twente, Other Leagues",yes,2026-09-23 02:08,wp
CFS,81561,CFS_VCF_TH_KD_No_26/27,Valencia CF Third Kids Cheap Football Kit 2026/27,https://cheapfootballshirts.com/product/valencia-cf-third-kids-cheap-football-kit-2026-27/,"Shop By League, La Liga, Valencia CF",yes,2026-09-22 02:40,wp
CFS,81549,CFS_SPA_HOLV_KD_No_2026,Spain World Cup 2026 Home Kids Cheap Football Kit Long Sleeve,https://cheapfootballshirts.com/product/spain-world-cup-2026-home-kids-cheap-football-kit-long-sleeve/,"International, Spain, World Cup, World Cup 2026",yes,2026-09-22 02:25,wp
CFS,81537,CFS_SPA_AWLV_KD_No_2026,Spain World Cup 2026 Away Kids Cheap Football Kit Long Sleeve,https://cheapfootballshirts.com/product/spain-world-cup-2026-away-kids-cheap-football-kit-long-sleeve/,"International, Spain, World Cup, World Cup 2026",yes,2026-09-22 02:18,wp
CFS,81526,CFS_RVP_AW_KD_No_26/27,River Plate Away Kids Cheap Football Kit 2026/27,https://cheapfootballshirts.com/product/river-plate-away-kids-cheap-football-kit-2026-27/,"Shop By League, Other Clubs, River Plate",yes,2026-09-22 02:09,wp
CFS,81515,CFS_RM_AWLV_KD_No_26/27,Real Madrid Away Kids Cheap Football Kit 2026/27 Long Sleeve,https://cheapfootballshirts.com/product/real-madrid-away-kids-cheap-football-kit-2026-27-long-sleeve/,"Shop By League, La Liga, Real Madrid",NO,2026-09-22 02:03,wp
CFS,81494,CFS_POR_TH_KD_No_26/27,Portsmouth Third Kids Cheap Football Kit 2026/27,https://cheapfootballshirts.com/product/portsmouth-third-kids-cheap-football-kit-2026-27/,"Shop By League, EFL, Portsmouth",yes,2026-09-22 01:52,wp
CFS,81482,CFS_PA_AW_KD_No_26/27,Palermo FC Away Kids Cheap Football Kit 2026/27,https://cheapfootballshirts.com/product/palermo-fc-away-kids-cheap-football-kit-2026-27/,"Shop By League, Other Leagues, Palermo FC",yes,2026-09-22 01:48,wp
CFS,81470,CFS_NC_GreyGK_KD_No_26/27,Newcastle United Grey Goalkeeper Kids Cheap Football Kit 2026/27,https://cheapfootballshirts.com/product/newcastle-united-grey-goalkeeper-kids-cheap-football-kit-2026-27/,"Premier League, Goalkeeper, Newcastle United, Shop By League, Shop by Type",yes,2026-09-21 15:10,wp
CFS,81448,CFS_MC_BlueTH_KD_No_26/27,Manchester City Third Kids Cheap Football Kit 2026/27 – Blue Shorts,https://cheapfootballshirts.com/product/manchester-city-third-kids-cheap-football-kit-2026-27-blue-shorts/,"Premier League, Manchester City, Shop By League",yes,2026-09-21 14:49,wp
CFS,81437,CFS_CHE_TH_KD_No_26/27,Chelsea Third Kids Cheap Football Kit 2026/27,https://cheapfootballshirts.com/product/chelsea-third-kids-cheap-football-kit-2026-27/,"Premier League, Chelsea, Goalkeeper, Shop By League, Shop by Type",NO,2026-09-21 14:44,wp
CFS,81426,CFS_CHE_PurpleGK_KD_No_26/27,Chelsea Purple Goalkeeper Kids Cheap Football Kit 2026/27,https://cheapfootballshirts.com/product/chelsea-purple-goalkeeper-kids-cheap-football-kit-2026-27/,"Premier League, Chelsea, Goalkeeper, Shop By League, Shop by Type",yes,2026-09-21 14:35,wp
CFS,81415,CFS_CHE_OrangeGK_KD_No_26/27,Chelsea Orange Goalkeeper Kids Cheap Football Kit 2026/27,https://cheapfootballshirts.com/product/chelsea-orange-goalkeeper-kids-cheap-football-kit-2026-27/,"Premier League, Chelsea, Goalkeeper, Shop By League, Shop by Type",yes,2026-09-21 14:30,wp
CFS,81404,CFS_CEL_GreenGK_KD_No_26/27,Celtic Green Goalkeeper Kids Cheap Football Kit 2026/27,https://cheapfootballshirts.com/product/celtic-green-goalkeeper-kids-cheap-football-kit-2026-27/,"Shop By League, Celtics, Goalkeeper, Scottish Premiership, Shop by Type",yes,2026-09-21 14:25,wp
CFS,81393,CFS_BJ_HO_KD_No_26/27,Boca Juniors Home Kids Cheap Football Kit 2026/27,https://cheapfootballshirts.com/product/boca-juniors-home-kids-cheap-football-kit-2026-27/,"Shop By League, Boca Juniors, Other Clubs",yes,2026-09-21 14:18,wp
CFS,81382,CFS_BAR_YellowGK_KD_No_26/27,Barcelona Yellow Goalkeeper Kids Cheap Football Kit 2026/27,https://cheapfootballshirts.com/product/barcelona-yellow-goalkeeper-kids-cheap-football-kit-2026-27/,"Shop By League, Barcelona, Goalkeeper, La Liga, Shop by Type",yes,2026-09-21 13:29,wp
CFS,81371,CFS_AV_GreyGK_KD_No_26/27,Aston Villa Grey Goalkeeper Kids Cheap Football Kit 2026/27,https://cheapfootballshirts.com/product/aston-villa-grey-goalkeeper-kids-cheap-football-kit-2026-27/,"Premier League, Aston Villa, Goalkeeper, Shop By League, Shop by Type",yes,2026-09-21 13:25,wp
CFS,81360,CFS_AV_GreenGK_KD_No_26/27,Aston Villa Green Goalkeeper Kids Cheap Football Kit 2026/27,https://cheapfootballshirts.com/product/aston-villa-green-goalkeeper-kids-cheap-football-kit-2026-27/,"Premier League, Aston Villa, Goalkeeper, Shop By League, Shop by Type",yes,2026-09-21 13:18,wp
CFS,81349,CFS_AJA_GreenGK_KD_No_26/27,Ajax Green Goalkeeper Kids Cheap Football Kit 2026/27,https://cheapfootballshirts.com/product/ajax-green-goalkeeper-kids-cheap-football-kit-2026-27/,"Shop By League, Ajax, Goalkeeper, Other Clubs, Shop by Type",yes,2026-09-21 13:07,wp
CFS,81337,CFS_SPC_AW_KD_No_26/27,Sporting CP Away Kids Cheap Football Kit 2026/27,https://cheapfootballshirts.com/product/sporting-cp-away-kids-cheap-football-kit-2026-27/,"Primeira-liga, Shop By League, Sporting CP",NO,2026-09-21 03:54,wp
CFS,81325,CFS_RB_TH_KD_No_26/27,Real Betis Third Kids Cheap Football Kit 2026/27,https://cheapfootballshirts.com/product/real-betis-third-kids-cheap-football-kit-2026-27/,"Shop By League, La Liga, Real Betis",yes,2026-09-21 03:48,wp
CFS,81313,CFS_RB_AW_KD_No_26/27,Real Betis Away Kids Cheap Football Kit 2026/27,https://cheapfootballshirts.com/product/real-betis-away-kids-cheap-football-kit-2026-27/,"Shop By League, La Liga, Real Betis",yes,2026-09-21 03:43,wp
CFS,81302,CFS_RCL_TH_KD_No_26/27,RC Lens Third Kids Cheap Football Kit 2026/27,https://cheapfootballshirts.com/product/rc-lens-third-kids-cheap-football-kit-2026-27/,"Shop By League, Ligue 1, RC Lens",yes,2026-09-21 03:39,wp
CFS,81290,CFS_OLM_TH_KD_No_26/27,Olympique Marseille Third Kids Cheap Football Kit 2026/27,https://cheapfootballshirts.com/product/olympique-marseille-third-kids-cheap-football-kit-2026-27/,"Shop By League, Ligue 1, Olympique de Marseille",yes,2026-09-21 03:34,wp
CFS,81278,CFS_LEE_TH_KD_No_26/27,Leeds United Third Kids Cheap Football Kit 2026/27,https://cheapfootballshirts.com/product/leeds-united-third-kids-cheap-football-kit-2026-27/,"Shop By League, Leeds United, Premier League",yes,2026-09-21 03:07,wp
CFS,81255,CFS_CLA_HO_KD_No_26/27,Club América Home Kids Cheap Football Kit 2026/27,https://cheapfootballshirts.com/product/club-america-home-kids-cheap-football-kit-2026-27/,"Shop By League, Club América, Other Clubs",yes,2026-09-21 02:48,wp
CFS,81245,CFS_BEN_TH_KD_No_26/27,Benfica Third Kids Cheap Football Kit 2026/27,https://cheapfootballshirts.com/product/benfica-third-kids-cheap-football-kit-2026-27/,"Shop By League, Benfica, Primeira-liga",yes,2026-09-21 02:43,wp
CFS,81234,CFS_ASR_AW_KD_No_26/27,AS Roma Away Kids Cheap Football Kit 2026/27,https://cheapfootballshirts.com/product/as-roma-away-kids-cheap-football-kit-2026-27/,"Shop By League, AS Roma, Serie A",yes,2026-09-21 02:39,wp
CFS,81183,CFS_MC_HOGP_AD_HAALAND 9 ENZO 17_26/27,Manchester City 2026/27 Gift Pack – Home Men Cheap Football Shirts – HAALAND 9 and ENZO 17,https://cheapfootballshirts.com/product/manchester-city-2026-27-gift-pack-home-men-cheap-football-shirts-haaland-9-and-enzo-17/,"Enzo Fernández, Erling Haaland, Manchester City, Premier League, Shop By League, Shop by Players, Shop by Type, 🎁 Gift Packs Collection",yes,2026-09-20 17:47,wp
CFS,81129,CFS_MC_HOGP_KD_HAALAND 9 ENZO 17_26/27,Manchester City 2026/27 Gift Pack – Home Kids Cheap Football Kits – HAALAND 9 and ENZO 17 (With socks),https://cheapfootballshirts.com/product/manchester-city-2026-27-gift-pack-home-kids-cheap-football-kits-haaland-9-and-enzo-17/,"Enzo Fernández, Erling Haaland, Manchester City, Premier League, Shop By League, Shop by Players, Shop by Type, 🎁 Gift Packs Collection",yes,2026-09-20 16:55,wp
CFS,80995,CFS_MC_GreenGK_KD_DONNARUMMA 1_26/27,Manchester City Green Goalkeeper Kids Cheap Football Kit 2026/27 – DONNARUMMA 1,https://cheapfootballshirts.com/product/manchester-city-green-goalkeeper-kids-cheap-football-kit-2026-27-donnarumma-1/,"Premier League, Gianluigi Donnarumma, Goalkeeper, Manchester City, Shop By League, Shop by Players, Shop by Type",yes,2026-09-18 02:22,wp
CFS,80987,CFS_MC_GreenGK_AD_DONNARUMMA 1_26/27,Manchester City Green Goalkeeper Men Cheap Football Shirt 2026/27 – DONNARUMMA 1,https://cheapfootballshirts.com/product/manchester-city-green-goalkeeper-men-cheap-football-shirt-2026-27-donnarumma-1/,"Premier League, Gianluigi Donnarumma, Goalkeeper, Manchester City, Shop By League, Shop by Players, Shop by Type",yes,2026-09-18 02:07,wp
CFS,80978,CFS_MC_OrangeGK_AD_DONNARUMMA 1_26/27,Manchester City Orange Goalkeeper Men Cheap Football Shirt 2026/27 – DONNARUMMA 1,https://cheapfootballshirts.com/product/manchester-city-orange-goalkeeper-men-cheap-football-shirt-2026-27-donnarumma-1/,"Premier League, Gianluigi Donnarumma, Goalkeeper, Manchester City, Shop By League, Shop by Players, Shop by Type",yes,2026-09-18 02:02,wp
CFS,80968,CFS_MC_OrangeGK_KD_DONNARUMMA 1_26/27,Manchester City Orange Goalkeeper Kids Cheap Football Kit 2026/27 – DONNARUMMA 1,https://cheapfootballshirts.com/product/manchester-city-orange-goalkeeper-kids-cheap-football-kit-2026-27-donnarumma-1/,"Premier League, Gianluigi Donnarumma, Goalkeeper, Manchester City, Shop By League, Shop by Players, Shop by Type",yes,2026-09-18 01:58,wp
CFS,80957,CFS_MC_PurpleGK_KD_DONNARUMMA 1_26/27,Manchester City Purple Goalkeeper Kids Cheap Football Kit 2026/27 – DONNARUMMA 1,https://cheapfootballshirts.com/product/manchester-city-purple-goalkeeper-kids-cheap-football-kit-2026-27-donnarumma-1/,"Premier League, Gianluigi Donnarumma, Goalkeeper, Manchester City, Shop By League, Shop by Players, Shop by Type",yes,2026-09-18 01:53,wp
CFS,80949,CFS_MC_PurpleGK_AD_DONNARUMMA 1_26/27,Manchester City Purple Goalkeeper Men Cheap Football Shirt 2026/27 – DONNARUMMA 1,https://cheapfootballshirts.com/product/manchester-city-purple-goalkeeper-men-cheap-football-shirt-2026-27-donnarumma-1/,"Premier League, Gianluigi Donnarumma, Goalkeeper, Manchester City, Shop By League, Shop by Players, Shop by Type",yes,2026-09-18 01:46,wp
CFS,80933,CFS_BEN_HO_ADK_No_26/27,Benfica Home Adult Cheap Football Kit 2026/27,https://cheapfootballshirts.com/product/benfica-home-adult-cheap-football-kit-2026-27/,"Shop By League, Benfica, Primeira-liga",yes,2026-09-16 16:02,wp
CFS,80918,CFS_CHE_AW_ADK_No_26/27,Chelsea Away Adult Cheap Football Kit 2026/27,https://cheapfootballshirts.com/product/chelsea-away-adult-cheap-football-kit-2026-27/,"Shop By League, Chelsea, Premier League",yes,2026-09-16 15:37,wp
CFS,80912,CFS_CHE_HO_ADK_No_26/27,Chelsea Home Adult Cheap Football Kit 2026/27,https://cheapfootballshirts.com/product/chelsea-home-adult-cheap-football-kit-2026-27/,"Shop By League, Chelsea, Premier League",yes,2026-09-16 15:32,wp
CFS,80904,CFS_RM_Anni125th_ADK_No_26/27,Real Madrid 125th Anniversary Adult Cheap Football Kit 2026/27,https://cheapfootballshirts.com/product/real-madrid-125th-anniversary-adult-cheap-football-kit-2026-27/,"Shop By League, La Liga, Real Madrid",yes,2026-09-16 15:25,wp
CFS,80898,CFS_ATM_AW_ADK_No_26/27,Atletico Madrid Away Adult Cheap Football Kit 2026/27,https://cheapfootballshirts.com/product/atletico-madrid-away-adult-cheap-football-kit-2026-27/,"Shop By League, Atletico de Madrid, La Liga",yes,2026-09-16 15:21,wp
CFS,80892,CFS_ATM_HO_ADK_No_26/27,Atletico Madrid Home Adult Cheap Football Kit 2026/27,https://cheapfootballshirts.com/product/atletico-madrid-home-adult-cheap-football-kit-2026-27/,"Shop By League, Atletico de Madrid, La Liga",yes,2026-09-16 15:15,wp
CFS,80884,CFS_ITM_AW_ADK_No_26/27,Inter Milan Away Adult Cheap Football Kit 2026/27,https://cheapfootballshirts.com/product/inter-milan-away-adult-cheap-football-kit-2026-27/,"Shop By League, Inter Milan, Serie A",yes,2026-09-16 15:03,wp
CFS,80876,CFS_ACM_HO_ADK_No_26/27,AC Milan Home Adult Cheap Football Kit 2026/27,https://cheapfootballshirts.com/product/ac-milan-home-adult-cheap-football-kit-2026-27/,"Shop By League, AC Milan, Serie A",yes,2026-09-16 14:57,wp
CFS,80868,CFS_DOR_HO_ADK_No_26/27,Dortmund Home Adult Cheap Football Kit 2026/27,https://cheapfootballshirts.com/product/dortmund-home-adult-cheap-football-kit-2026-27/,"Shop By League, Borussia Dortmund, Bundesliga",yes,2026-09-16 14:48,wp
CFS,80860,CFS_AJAX_AW_ADK_No_26/27,Ajax Away Adult Cheap Football Kit 2026/27,https://cheapfootballshirts.com/product/ajax-away-adult-cheap-football-kit-2026-27/,"Shop By League, Ajax, Other Clubs",yes,2026-09-16 14:41,wp
CFS,80851,CFS_AJAX_HO_ADK_No_26/27,Ajax Home Adult Cheap Football Kit 2026/27,https://cheapfootballshirts.com/product/ajax-home-adult-cheap-football-kit-2026-27/,"Shop By League, Ajax, Other Clubs",yes,2026-09-16 14:29,wp
CFS,80840,CFS_LV_RedAW_ADK_No_26/27,Liverpool Away Adult Cheap Football Kit 2026/27 – Red Shorts,https://cheapfootballshirts.com/product/liverpool-away-adult-cheap-football-kit-2026-27-red-shorts/,"Premier League, Liverpool, Shop By League",yes,2026-09-15 15:43,wp
CFS,80834,CFS_TOT_HO_ADK_No_26/27,Tottenham Hotspur Home Adult Cheap Football Kit 2026/27,https://cheapfootballshirts.com/product/tottenham-hotspur-home-adult-cheap-football-kit-2026-27/,"Shop By League, Premier League, Tottenham Hotspur",yes,2026-09-15 15:36,wp
CFS,80828,CFS_PSV_TH_ADK_No_26/27,PSV Eindhoven Third Adult Cheap Football Kit 2026/27,https://cheapfootballshirts.com/product/psv-eindhoven-third-adult-cheap-football-kit-2026-27/,"Shop By League, Other Clubs, PSV",yes,2026-09-15 15:29,wp
CFS,80784,CFS_BM_AW_ADK_No_26/27,Bayern Munich Away Adult Cheap Football Kit 2026/27,https://cheapfootballshirts.com/product/bayern-munich-away-adult-cheap-football-kit-2026-27/,"Shop By League, Bayern Munich, Bundesliga",yes,2026-09-14 16:22,wp
CFS,80768,CFS_TOT_GK_AD_KINSKY 31_2026/27,Tottenham Hotspur KINSKY 31 Goalkeeper Men Cheap Football Shirt 2026/27,https://cheapfootballshirts.com/product/tottenham-hotspur-kinsky-31-goalkeeper-men-cheap-football-shirt-2026-27/,"Premier League, Antonin Kinsky, Goalkeeper, Shop By League, Shop by Players, Shop by Type, Tottenham Hotspur",yes,2026-09-13 15:08,wp
CFS,80756,CFS_TOT_GK_KD_ KINSKY 31_26/27,Tottenham Hotspur KINSKY 31 Goalkeeper Kids Cheap Football Kit 2026/27,https://cheapfootballshirts.com/product/tottenham-hotspur-kinsky-31-goalkeeper-kids-cheap-football-kit-2026-27/,"Premier League, Antonin Kinsky, Goalkeeper, Shop By League, Shop by Players, Shop by Type, Tottenham Hotspur",yes,2026-09-13 14:53,wp
CFS,80743,CFS_SC_AW_AD_No_26/27,Stoke City Away Men Cheap Football Shirt 2026/27,https://cheapfootballshirts.com/product/stoke-city-away-men-cheap-football-shirt-2026-27/,"Shop By League, EFL, Stoke City",yes,2026-09-13 03:29,wp
CFS,80733,CFS_SOU_TH_AD_No_26/27,Southampton Third Men Cheap Football Shirt 2026/27,https://cheapfootballshirts.com/product/southampton-third-men-cheap-football-shirt-2026-27/,"Premier League, Shop By League, Southampton",yes,2026-09-13 03:23,wp
CFS,80725,CFS_MID_HO_AD_No_96/97,Retro Middlesbrough Home Men Cheap Football Shirt 1996/97,https://cheapfootballshirts.com/product/retro-middlesbrough-home-men-cheap-football-shirt-1996-97/,"Shop By League, Middlesbrough, RETRO",yes,2026-09-13 03:17,wp
CFS,80716,CFS_RM_SE_AD_No_26/27,Real Madrid Special Edition Men Cheap Football Shirt 2026/27,https://cheapfootballshirts.com/product/real-madrid-special-edition-men-cheap-football-shirt-2026-27/,"Shop By League, La Liga, Real Madrid",yes,2026-09-13 03:08,wp
CFS,80706,CFS_RM_CE_AD_No_26/27,Real Madrid 125th Commemorative Edition Men Cheap Football Shirt 2026/27,https://cheapfootballshirts.com/product/real-madrid-125th-commemorative-edition-men-cheap-football-shirt-2026-27/,"Shop By League, La Liga, Real Madrid",yes,2026-09-13 02:57,wp
CFS,80696,CFS_PSV_AW_AD_No_26/27,PSV Eindhoven Away Men Cheap Football Shirt 2026/27,https://cheapfootballshirts.com/product/psv-eindhoven-away-men-cheap-football-shirt-2026-27/,"Other Clubs, PSV, Shop By League",yes,2026-09-13 02:42,wp
CFS,80686,CFS_POR_TH_AD_No_26/27,Portsmouth Third Men Cheap Football Shirt 2026/27,https://cheapfootballshirts.com/product/portsmouth-third-men-cheap-football-shirt-2026-27/,"Shop By League, EFL, Portsmouth",yes,2026-09-13 02:36,wp
CFS,80676,CFS_NF_TH_AD_No_26/27,Nottingham Forest Third Men Cheap Football Shirt 2026/27,https://cheapfootballshirts.com/product/nottingham-forest-third-men-cheap-football-shirt-2026-27/,"Premier League, Nottingham Forest, Shop By League",yes,2026-09-13 02:31,wp
CFS,80665,CFS_MID_TH_AD_No_26/27,Middlesbrough Third Men Cheap Football Shirt 2026/27,https://cheapfootballshirts.com/product/middlesbrough-third-men-cheap-football-shirt-2026-27/,"Shop By League, EFL, Middlesbrough",yes,2026-09-13 02:25,wp
CFS,80657,CFS_LEI_AW_AD_No_26/27,Leicester City Away Men Cheap Football Shirt 2026/27,https://cheapfootballshirts.com/product/leicester-city-away-men-cheap-football-shirt-2026-27/,"Shop By League, Leicester City",yes,2026-09-13 02:20,wp
CFS,80647,CFS_LEE_TH_AD_No_26/27,Leeds United Third Men Cheap Football Shirt 2026/27,https://cheapfootballshirts.com/product/leeds-united-third-men-cheap-football-shirt-2026-27/,"Premier League, Leeds United, Shop By League",yes,2026-09-13 02:13,wp
CFS,80637,CFS_LZO_TH_AD_No_26/27,SS Lazio Third Men Cheap Football Shirt 2026/27,https://cheapfootballshirts.com/product/ss-lazio-third-men-cheap-football-shirt-2026-27/,"Shop By League, Serie A, SS Lazio",yes,2026-09-13 02:09,wp
CFS,80627,CFS_LZO_HO_AD_No_26/27,SS Lazio Home Men Cheap Football Shirt 2026/27,https://cheapfootballshirts.com/product/ss-lazio-home-men-cheap-football-shirt-2026-27/,"Shop By League, Serie A, SS Lazio",yes,2026-09-13 02:01,wp
CFS,80615,CFS_NF_TH_KD_No_26/27,Nottingham Forest Third Kids Cheap Football Kit 2026/27,https://cheapfootballshirts.com/product/nottingham-forest-third-kids-cheap-football-kit-2026-27/,"Premier League, Nottingham Forest, Shop By League",yes,2026-09-13 01:56,wp
CFS,80603,CFS_GAL_TH_AD_No_26/27,Galatasaray Third Men Cheap Football Shirt 2026/27,https://cheapfootballshirts.com/product/galatasaray-third-men-cheap-football-shirt-2026-27/,"Other Clubs, Galatasaray, Shop By League",yes,2026-09-12 14:42,wp
CFS,80593,CFS_GAL_HO_AD_No_26/27,Galatasaray Home Men Cheap Football Shirt 2026/27,https://cheapfootballshirts.com/product/galatasaray-home-men-cheap-football-shirt-2026-27/,"Other Clubs, Galatasaray, Shop By League",yes,2026-09-12 14:36,wp
CFS,80583,CFS_GAL_AW_AD_No_26/27,Galatasaray Away Men Cheap Football Shirt 2026/27,https://cheapfootballshirts.com/product/galatasaray-away-men-cheap-football-shirt-2026-27/,"Other Clubs, Galatasaray, Shop By League",yes,2026-09-12 14:27,wp
CFS,80573,CFS_DOR_TH_AD_No_26/27,Dortmund Third Men Cheap Football Shirt 2026/27,https://cheapfootballshirts.com/product/dortmund-third-men-cheap-football-shirt-2026-27/,"Shop By League, Borussia Dortmund, Bundesliga",yes,2026-09-12 14:21,wp
CFS,80563,CFS_COV_TH_AD_No_2026/27,Coventry City Third Men Cheap Football Shirt 2026/27,https://cheapfootballshirts.com/product/coventry-city-third-men-cheap-football-shirt-2026-27/,"Shop By League, Coventry City, Premier League",yes,2026-09-12 14:00,wp
CFS,80553,CFS_BR_TH_AD_No_26/27,Brighton Third Men Cheap Football Shirt 2026/27,https://cheapfootballshirts.com/product/brighton-third-men-cheap-football-shirt-2026-27/,"Premier League, Brighton, Shop By League",yes,2026-09-12 13:53,wp
CFS,80543,CFS_BO_HO_AD_No_26/27,Bolton Home Men Cheap Football Shirt 2026/27,https://cheapfootballshirts.com/product/bolton-home-men-cheap-football-shirt-2026-27/,"Shop By League, Bolton Wanderers, EFL",yes,2026-09-12 13:43,wp
CFS,80532,CFS_BJ_AW_AD_No_26/27,Boca Juniors Away Men Cheap Football Shirt 2026/27,https://cheapfootballshirts.com/product/boca-juniors-away-men-cheap-football-shirt-2026-27/,"Shop By League, Boca Juniors, Other Clubs",yes,2026-09-12 13:33,wp
CFS,80522,CFS_BM_THLV_AD_No_26/27,Bayern Munich Third Men Cheap Football Shirt 2026/27 Long Sleeve,https://cheapfootballshirts.com/product/bayern-munich-third-men-cheap-football-shirt-2026-27-long-sleeve/,"Shop By League, Bayern Munich, Bundesliga",yes,2026-09-12 13:24,wp
CFS,80512,CFS_AV_PreMatch_AD_No_26/27,Aston Villa Pre Match Men Cheap Football Shirt 2026/27,https://cheapfootballshirts.com/product/aston-villa-pre-match-men-cheap-football-shirt-2026-27/,"Premier League, Aston Villa, Shop By League",yes,2026-09-12 13:17,wp
CFS,80505,CFS_SPA_AW_ADK_No_2026,Spain World Cup 2026 Away Adult Cheap Football Kit,https://cheapfootballshirts.com/product/spain-world-cup-2026-away-adult-cheap-football-kit/,"Europe (UEFA), International, Spain, World Cup, World Cup 2026",yes,2026-09-12 12:54,wp
CFS,80459,CFS_WH_AW/THGP_KD_No_26/27,West Ham United 2026/27 Gift Pack – Away and Third Kids Cheap Football Kits (With Socks),https://cheapfootballshirts.com/product/west-ham-united-2026-27-gift-pack-away-and-third-kids-cheap-football-kits/,"Shop By League, Shop by Type, West Ham United, 🎁 Gift Packs Collection",yes,2026-09-12 04:41,wp
CFS,80426,CFS_WH_HO/AWGP_KD_No_26/27,West Ham United 2026/27 Gift Pack – Home and Away Kids Cheap Football Kits (With Socks),https://cheapfootballshirts.com/product/west-ham-united-2026-27-gift-pack-home-and-away-kids-cheap-football-kits/,"Shop By League, Shop by Type, West Ham United, 🎁 Gift Packs Collection",yes,2026-09-12 04:27,wp
CFS,80408,CFS_WH_HO/THGP_KD_No_26/27,West Ham United 2026/27 Gift Pack – Home and Third Kids Cheap Football Kits (With Socks),https://cheapfootballshirts.com/product/west-ham-united-2026-27-gift-pack-home-and-third-kids-cheap-football-kits/,"Shop By League, Shop by Type, West Ham United, 🎁 Gift Packs Collection",yes,2026-09-12 04:20,wp
CFS,80394,CFS_WH_AW/THGP_AD_No_26/27,West Ham United 2026/27 Gift Pack – Away and Third Men Cheap Football Shirts,https://cheapfootballshirts.com/product/west-ham-united-2026-27-gift-pack-away-and-third-men-cheap-football-shirts/,"Shop By League, Shop by Type, West Ham United, 🎁 Gift Packs Collection",yes,2026-09-12 04:13,wp
CFS,80380,CFS_WH_HO/THGP_AD_No_26/27,West Ham United 2026/27 Gift Pack – Home and Third Men Cheap Football Shirts,https://cheapfootballshirts.com/product/west-ham-united-2026-27-gift-pack-home-and-third-men-cheap-football-shirts/,"Shop By League, Shop by Type, West Ham United, 🎁 Gift Packs Collection",yes,2026-09-12 04:02,wp
CFS,80366,CFS_WH_HO/AWGP_AD_No_26/27,West Ham United 2026/27 Gift Pack – Home and Away Men Cheap Football Shirts,https://cheapfootballshirts.com/product/west-ham-united-2026-27-gift-pack-home-and-away-men-cheap-football-shirts/,"Shop By League, Shop by Type, West Ham United, 🎁 Gift Packs Collection",yes,2026-09-12 03:50,wp
CFS,80358,CFS_RMD_HO_AD_No_26/27,AFC Richmond Home Men Cheap Football Shirt 2026/27,https://cheapfootballshirts.com/product/afc-richmond-home-men-cheap-football-shirt-2026-27/,"AFC Richmond, Other Leagues, Shop By League",yes,2026-09-11 17:51,wp
CFS,80351,CFS_TOT_AW_AD_No_1988,Retro Tottenham Hotspur Away Men Cheap Football Shirt 1988,https://cheapfootballshirts.com/product/retro-tottenham-hotspur-away-men-cheap-football-shirt-1988/,"International, RETRO, Retro Tottenham, Tottenham Hotspur",yes,2026-09-11 17:33,wp
CFS,80339,CFS_WRH_HO_AD_No_26/27,Wrexham Home Men Cheap Football Shirt 2026/27,https://cheapfootballshirts.com/product/wrexham-home-men-cheap-football-shirt-2026-27/,"Shop By League, EFL, Wrexham",yes,2026-09-11 17:25,wp
CFS,80333,CFS_RVP_HO_AD_No_26/27,River Plate Home Men Cheap Football Shirt 2026/27,https://cheapfootballshirts.com/product/river-plate-home-men-cheap-football-shirt-2026-27/,"Shop By League, Other Clubs, River Plate",yes,2026-09-11 17:20,wp
CFS,80327,CFS_FO_HO_AD_No_26/27,Fortuna Düsseldorf Home Men Cheap Football Shirt 2026/27,https://cheapfootballshirts.com/product/fortuna-dusseldorf-home-men-cheap-football-shirt-2026-27/,"Fortuna Düsseldorf, Other Leagues, Shop By League",yes,2026-09-11 17:14,wp
CFS,80321,CFS_RO_TH_AD_No_26/27,Real Oviedo Third Men Cheap Football Shirt 2026/27,https://cheapfootballshirts.com/product/real-oviedo-third-men-cheap-football-shirt-2026-27/,"La Liga, Real Oviedo, Shop By League",yes,2026-09-11 17:07,wp
CFS,80315,CFS_CRD_AW_AD_No_26/27,Córdoba Away Men Cheap Football Shirt 2026/27,https://cheapfootballshirts.com/product/cordoba-away-men-cheap-football-shirt-2026-27/,"Córdoba, Other Leagues, Shop By League",yes,2026-09-11 16:59,wp
CFS,80309,CFS_CRD_HO_AD_No_26/27,Córdoba Home Men Cheap Football Shirt 2026/27,https://cheapfootballshirts.com/product/cordoba-home-men-cheap-football-shirt-2026-27/,"Córdoba, Other Leagues, Shop By League",yes,2026-09-11 16:53,wp
CFS,80303,CFS_SOU_HO_AD_No_26/27,Southampton Home Men Cheap Football Shirt 2026/27,https://cheapfootballshirts.com/product/southampton-home-men-cheap-football-shirt-2026-27/,"Premier League, Shop By League, Southampton",yes,2026-09-11 16:44,wp
CFS,80297,CFS_BOU_HO_AD_No_26/27,Bournemouth Home Men Cheap Football Shirt 2026/27,https://cheapfootballshirts.com/product/bournemouth-home-men-cheap-football-shirt-2026-27/,"Premier League, Bournemouth, Shop By League",yes,2026-09-11 16:38,wp
CFS,80291,CFS_SC_HO_AD_No_26/27,Stoke City Home Men Cheap Football Shirt 2026/27,https://cheapfootballshirts.com/product/stoke-city-home-men-cheap-football-shirt-2026-27/,"Shop By League, EFL, Stoke City",yes,2026-09-11 16:28,wp
CFS,80285,CFS_VLC_TH_AD_No_26/27,Valencia CF Third Men Cheap Football Shirt 2026/27,https://cheapfootballshirts.com/product/valencia-cf-third-men-cheap-football-shirt-2026-27/,"La Liga, Shop By League, Valencia CF",yes,2026-09-11 16:21,wp
CFS,80279,CFS_VLC_AW_AD_No_26/27,Valencia CF Away Men Cheap Football Shirt 2026/27,https://cheapfootballshirts.com/product/valencia-cf-away-men-cheap-football-shirt-2026-27/,"La Liga, Shop By League, Valencia CF",yes,2026-09-11 16:16,wp
CFS,80273,CFS_VLC_HO_AD_No_26/27,Valencia CF Home Men Cheap Football Shirt 2026/27,https://cheapfootballshirts.com/product/valencia-cf-home-men-cheap-football-shirt-2026-27/,"La Liga, Shop By League, Valencia CF",yes,2026-09-11 16:10,wp
CFS,80254,CFS_TOT_AW/THGP_KD_No_26/27,Tottenham Hotspur 2026/27 Gift Pack – Away and Third Kids Cheap Football Kits (With Socks),https://cheapfootballshirts.com/product/tottenham-hotspur-2026-27-gift-pack-away-and-third-kids-cheap-football-kits/,"Shop By League, Premier League, Shop by Type, Tottenham Hotspur, 🎁 Gift Packs Collection",NO,2026-09-11 14:59,wp
CFS,80234,CFS_TOT_HO/THGP_KD_No_26/27,Tottenham Hotspur 2026/27 Gift Pack – Home and Third Kids Cheap Football Kits (With Socks),https://cheapfootballshirts.com/product/tottenham-hotspur-2026-27-gift-pack-home-and-third-kids-cheap-football-kits/,"Shop By League, Premier League, Shop by Type, Tottenham Hotspur, 🎁 Gift Packs Collection",NO,2026-09-11 14:48,wp
CFS,80220,CFS_TOT_AW/THGP_AD_No_26/27,Tottenham Hotspur 2026/27 Gift Pack – Away and Third Men Cheap Football Shirts,https://cheapfootballshirts.com/product/tottenham-hotspur-2026-27-gift-pack-away-and-third-men-cheap-football-shirts/,"Premier League, Shop By League, Shop by Type, Tottenham Hotspur, 🎁 Gift Packs Collection",yes,2026-09-11 14:36,wp
CFS,80206,CFS_TOT_HO/THGP_AD_No_26/27,Tottenham Hotspur 2026/27 Gift Pack – Home and Third Men Cheap Football Shirts,https://cheapfootballshirts.com/product/tottenham-hotspur-2026-27-gift-pack-home-and-third-men-cheap-football-shirts/,"Premier League, Shop By League, Shop by Type, Tottenham Hotspur, 🎁 Gift Packs Collection",yes,2026-09-11 14:28,wp
CFS,80192,CFS_TOT_HO/AWGP_AD_No_26/27,Tottenham Hotspur 2026/27 Gift Pack – Home and Away Men Cheap Football Shirts,https://cheapfootballshirts.com/product/tottenham-hotspur-2026-27-gift-pack-home-and-away-men-cheap-football-shirts/,"Premier League, Shop By League, Shop by Type, Tottenham Hotspur, 🎁 Gift Packs Collection",yes,2026-09-11 14:19,wp
CFS,80106,CFS_SAFC_AW/THGP_KD_No_26/27,Sunderland AFC 2026/27 Gift Pack – Away and Third Kids Cheap Football Kits,https://cheapfootballshirts.com/product/sunderland-afc-2026-27-gift-pack-away-and-third-kids-cheap-football-kits/,"Shop By League, Premier League, Shop by Type, Sunderland, 🎁 Gift Packs Collection",yes,2026-09-11 07:49,wp
CFS,80088,CFS_SAFC_HO/THGP_KD_No_26/27,Sunderland AFC 2026/27 Gift Pack – Home and Third Kids Cheap Football Kits,https://cheapfootballshirts.com/product/sunderland-afc-2026-27-gift-pack-home-and-third-kids-cheap-football-kits/,"Shop By League, Premier League, Shop by Type, Sunderland, 🎁 Gift Packs Collection",yes,2026-09-11 07:40,wp
CFS,80070,CFS_SAFC_HO/AWGP_KD_No_26/27,Sunderland AFC 2026/27 Gift Pack – Home and Away Kids Cheap Football Kits,https://cheapfootballshirts.com/product/sunderland-afc-2026-27-gift-pack-home-and-away-kids-cheap-football-kits/,"Shop By League, Premier League, Shop by Type, Sunderland, 🎁 Gift Packs Collection",yes,2026-09-11 07:32,wp
CFS,80056,CFS_SAFC_AW/THGP_AD_No_26/27,Sunderland AFC 2026/27 Gift Pack – Away and Third Men Cheap Football Shirts,https://cheapfootballshirts.com/product/sunderland-afc-2026-27-gift-pack-away-and-third-men-cheap-football-shirts/,"Premier League, Shop By League, Shop by Type, Sunderland, 🎁 Gift Packs Collection",NO,2026-09-11 07:23,wp
CFS,80043,CFS_SAFC_HO/THGP_AD_No_26/27,Sunderland AFC 2026/27 Gift Pack – Home and Third Men Cheap Football Shirts,https://cheapfootballshirts.com/product/sunderland-afc-2026-27-gift-pack-home-and-third-men-cheap-football-shirts/,"Premier League, Shop By League, Shop by Type, Sunderland, 🎁 Gift Packs Collection",NO,2026-09-11 07:15,wp
CFS,80029,CFS_SAFC_HO/AWGP_AD_No_26/27,Sunderland AFC 2026/27 Gift Pack – Home and Away Men Cheap Football Shirts,https://cheapfootballshirts.com/product/sunderland-afc-2026-27-gift-pack-home-and-away-men-cheap-football-shirts/,"Premier League, Shop By League, Shop by Type, Sunderland, 🎁 Gift Packs Collection",yes,2026-09-11 07:07,wp
CFS,80011,CFS_RM_AW/THGP_KD_No_26/27,Real Madrid 2026/27 Gift Pack – Away and Third Kids Cheap Football Kits,https://cheapfootballshirts.com/product/real-madrid-2026-27-gift-pack-away-and-third-kids-cheap-football-kits/,"Shop By League, La Liga, Real Madrid, Shop by Type, 🎁 Gift Packs Collection",yes,2026-09-11 06:15,wp
CFS,79993,CFS_RM_HO/THGP_KD_No_26/27,Real Madrid 2026/27 Gift Pack – Home and Third Kids Cheap Football Kits,https://cheapfootballshirts.com/product/real-madrid-2026-27-gift-pack-home-and-third-kids-cheap-football-kits/,"Shop By League, La Liga, Real Madrid, Shop by Type, 🎁 Gift Packs Collection",yes,2026-09-11 06:06,wp
CFS,79975,CFS_RM_HO/AWGP_KD_No_26/27,Real Madrid 2026/27 Gift Pack – Home and Away Kids Cheap Football Kits (With Socks),https://cheapfootballshirts.com/product/real-madrid-2026-27-gift-pack-home-and-away-kids-cheap-football-kits/,"Shop By League, La Liga, Real Madrid, Shop by Type, 🎁 Gift Packs Collection",yes,2026-09-11 05:58,wp
CFS,79961,CFS_RM_AW/THGP_AD_No_26/27,Real Madrid 2026/27 Gift Pack – Away and Third Men Cheap Football Shirts,https://cheapfootballshirts.com/product/real-madrid-2026-27-gift-pack-away-and-third-men-cheap-football-shirts/,"La Liga, Real Madrid, Shop By League, Shop by Type, 🎁 Gift Packs Collection",yes,2026-09-11 05:29,wp
CFS,79947,CFS_RM_HO/THGP_AD_No_26/27,Real Madrid 2026/27 Gift Pack – Home and Third Men Cheap Football Shirts,https://cheapfootballshirts.com/product/real-madrid-2026-27-gift-pack-home-and-third-men-cheap-football-shirts/,"La Liga, Real Madrid, Shop By League, Shop by Type, 🎁 Gift Packs Collection",yes,2026-09-11 05:21,wp
CFS,79933,CFS_RM_HO/AWGP_AD_No_26/27,Real Madrid 2026/27 Gift Pack – Home and Away Men Cheap Football Shirts,https://cheapfootballshirts.com/product/real-madrid-2026-27-gift-pack-home-and-away-men-cheap-football-shirts/,"La Liga, Real Madrid, Shop By League, Shop by Type, 🎁 Gift Packs Collection",yes,2026-09-11 05:11,wp
CFS,79915,CFS_NC_AW/THGP_KD_No_26/27,Newcastle United 2026/27 Gift Pack – Away and Third Kids Cheap Football Kits,https://cheapfootballshirts.com/product/newcastle-united-2026-27-gift-pack-away-and-third-kids-cheap-football-kits/,"Shop By League, Newcastle United, Premier League, Shop by Type, 🎁 Gift Packs Collection",yes,2026-09-11 04:23,wp
CFS,79896,CFS_NC_HO/THGP_KD_No_26/27,Newcastle United 2026/27 Gift Pack – Home and Third Kids Cheap Football Kits,https://cheapfootballshirts.com/product/newcastle-united-2026-27-gift-pack-home-and-third-kids-cheap-football-kits/,"Shop By League, Newcastle United, Premier League, Shop by Type, 🎁 Gift Packs Collection",yes,2026-09-11 04:08,wp
CFS,79878,CFS_NC_HO/AWGP_KD_No_26/27,Newcastle United 2026/27 Gift Pack – Home and Away Kids Cheap Football Kits (With Socks),https://cheapfootballshirts.com/product/newcastle-united-2026-27-gift-pack-home-and-away-kids-cheap-football-kits/,"Shop By League, Newcastle United, Premier League, Shop by Type, 🎁 Gift Packs Collection",yes,2026-09-11 03:55,wp
CFS,79864,CFS_NC_AW/THGP_AD_No_26/27,Newcastle United 2026/27 Gift Pack – Away and Third Men Cheap Football Shirts,https://cheapfootballshirts.com/product/newcastle-united-2026-27-gift-pack-away-and-third-men-cheap-football-shirts/,"Newcastle United, Premier League, Shop By League, Shop by Type, 🎁 Gift Packs Collection",NO,2026-09-11 03:48,wp
CFS,79850,CFS_NC_HO/THGP_AD_No_26/27,Newcastle United 2026/27 Gift Pack – Home and Third Men Cheap Football Shirts,https://cheapfootballshirts.com/product/newcastle-united-2026-27-gift-pack-home-and-third-men-cheap-football-shirts/,"Newcastle United, Premier League, Shop By League, Shop by Type, 🎁 Gift Packs Collection",NO,2026-09-11 03:38,wp
CFS,79833,CFS_NC_HO/AWGP_AD_No_26/27,Newcastle United 2026/27 Gift Pack – Home and Away Men Cheap Football Shirts,https://cheapfootballshirts.com/product/newcastle-united-2026-27-gift-pack-home-and-away-men-cheap-football-shirts/,"Newcastle United, Premier League, Shop By League, Shop by Type, 🎁 Gift Packs Collection",NO,2026-09-11 03:04,wp
CFS,79815,CFS_MC_HO/AWGP_KD_No_26/27,Manchester City 2026/27 Gift Pack – Home and Away Kids Cheap Football Kits (With Socks),https://cheapfootballshirts.com/product/manchester-city-2026-27-gift-pack-home-and-away-kids-cheap-football-kits/,"Shop By League, Manchester City, Premier League, Shop by Type, 🎁 Gift Packs Collection",yes,2026-09-11 01:58,wp
CFS,79797,CFS_MC_HO/THGP_KD_No_26/27,Manchester City 2026/27 Gift Pack – Home and Third Kids Cheap Football Kits,https://cheapfootballshirts.com/product/manchester-city-2026-27-gift-pack-home-and-third-kids-cheap-football-kits/,"Shop By League, Manchester City, Premier League, Shop by Type, 🎁 Gift Packs Collection",yes,2026-09-11 01:47,wp
CFS,79781,CFS_SOU_HO_KD_No_26/27,Southampton Home Kids Cheap Football Kit 2026/27,https://cheapfootballshirts.com/product/southampton-home-kids-cheap-football-kit-2026-27/,"Premier League, Shop By League, Southampton",NO,2026-09-11 01:22,wp
CFS,79772,CFS_MLC_AW_AD_No_26/27,RCD Mallorca Away Men Cheap Football Shirt 2026/27,https://cheapfootballshirts.com/product/rcd-mallorca-away-men-cheap-football-shirt-2026-27/,"La Liga, RCD Mallorca, Shop By League",yes,2026-09-10 16:15,wp
CFS,79766,CFS_MLC_HO_AD_No_26/27,RCD Mallorca Home Men Cheap Football Shirt 2026/27,https://cheapfootballshirts.com/product/rcd-mallorca-home-men-cheap-football-shirt-2026-27/,"La Liga, RCD Mallorca, Shop By League",yes,2026-09-10 16:07,wp
CFS,79760,CFS_AB_AW_AD_No_26/27,Aberdeen Away Men Cheap Football Shirt 2026/27,https://cheapfootballshirts.com/product/aberdeen-away-men-cheap-football-shirt-2026-27/,"Shop By League, Aberdeen, Scottish Premiership",yes,2026-09-10 16:00,wp
CFS,79753,CFS_AB_HO_AD_No_26/27,Aberdeen Home Men Cheap Football Shirt 2026/27,https://cheapfootballshirts.com/product/aberdeen-home-men-cheap-football-shirt-2026-27/,"Shop By League, Aberdeen, Scottish Premiership",yes,2026-09-10 15:47,wp
CFS,79745,CFS_RB_AW_AD_No_26/27,Real Betis Away Men Cheap Football Shirt 2026/27,https://cheapfootballshirts.com/product/real-betis-away-men-cheap-football-shirt-2026-27/,"Shop By League, La Liga, Real Betis",yes,2026-09-10 15:34,wp
CFS,79739,CFS_WBW_HO_AD_No_26/27,West Bromwich Home Men Cheap Football Shirt 2026/27,https://cheapfootballshirts.com/product/west-bromwich-home-men-cheap-football-shirt-2026-27/,"Shop By League, EFL, West Bromwich",yes,2026-09-10 15:28,wp
CFS,79733,CFS_WBW_AW_AD_No_26/27,West Bromwich Away Men Cheap Football Shirt 2026/27,https://cheapfootballshirts.com/product/west-bromwich-away-men-cheap-football-shirt-2026-27/,"Shop By League, EFL, West Bromwich",yes,2026-09-10 15:22,wp
CFS,79727,CFS_SHW_AW_AD_No_26/27,Sheffield Wednesday Away Men Cheap Football Shirt 2026/27,https://cheapfootballshirts.com/product/sheffield-wednesday-away-men-cheap-football-shirt-2026-27/,"Shop By League, EFL, Sheffield Wednesday",yes,2026-09-10 15:05,wp
CFS,79712,CFS_MC_AW/THGP_KD_No_26/27,Manchester City 2026/27 Gift Pack – Away and Third Kids Cheap Football Kits,https://cheapfootballshirts.com/product/manchester-city-2026-27-gift-pack-away-and-third-kids-cheap-football-kits/,"Shop By League, Manchester City, Premier League, Shop by Type, 🎁 Gift Packs Collection",yes,2026-09-10 14:24,wp
CFS,79698,CFS_MC_AW/THGP_AD_No_26/27,Manchester City 2026/27 Gift Pack – Away and Third Men Cheap Football Shirts,https://cheapfootballshirts.com/product/manchester-city-2026-27-gift-pack-away-and-third-men-cheap-football-shirts/,"Manchester City, Premier League, Shop By League, Shop by Type, 🎁 Gift Packs Collection",yes,2026-09-10 14:15,wp
CFS,79684,CFS_MC_HO/THGP_AD_No_26/27,Manchester City 2026/27 Gift Pack – Home and Third Men Cheap Football Shirts,https://cheapfootballshirts.com/product/manchester-city-2026-27-gift-pack-home-and-third-men-cheap-football-shirts/,"Manchester City, Premier League, Shop By League, Shop by Type, 🎁 Gift Packs Collection",yes,2026-09-10 14:05,wp
CFS,79670,CFS_MC_HO/AWGP_AD_No_26/27,Manchester City 2026/27 Gift Pack – Home and Away Men Cheap Football Shirts,https://cheapfootballshirts.com/product/manchester-city-2026-27-gift-pack-home-and-away-men-cheap-football-shirts/,"Manchester City, Premier League, Shop By League, Shop by Type, 🎁 Gift Packs Collection",yes,2026-09-10 13:53,wp
CFS,79659,CFS_MC_TH_KD_ENZO 17_26/27,Manchester City Third Kids Cheap Football Kit 2026/27 – ENZO 17,https://cheapfootballshirts.com/product/manchester-city-third-kids-cheap-football-kit-2026-27-enzo-17/,"Premier League, Enzo Fernández, Manchester City, Shop By League, Shop by Players",yes,2026-09-10 13:43,wp
CFS,79650,CFS_MC_TH_AD_ENZO 17_26/27,Manchester City Third Men Cheap Football Shirt 2026/27 – ENZO 17,https://cheapfootballshirts.com/product/manchester-city-third-men-cheap-football-shirt-2026-27-enzo-17/,"Premier League, Enzo Fernández, Manchester City, Shop By League, Shop by Players",yes,2026-09-10 13:38,wp
CFS,79639,CFS_MC_AW_KD_ENZO 17_26/27,Manchester City Away Kids Cheap Football Kit 2026/27 – ENZO 17,https://cheapfootballshirts.com/product/manchester-city-away-kids-cheap-football-kit-2026-27-enzo-17/,"Premier League, Enzo Fernández, Manchester City, Shop By League, Shop by Players",yes,2026-09-10 13:27,wp
CFS,79631,CFS_MC_AW_AD_ENZO 17_26/27,Manchester City Away Men Cheap Football Shirt 2026/27 – ENZO 17,https://cheapfootballshirts.com/product/manchester-city-away-men-cheap-football-shirt-2026-27-enzo-17/,"Premier League, Enzo Fernández, Manchester City, Shop By League, Shop by Players",yes,2026-09-10 13:23,wp
CFS,79620,CFS_MC_HO_KD_ENZO 17_26/27,Manchester City Home Kids Cheap Football Kit 2026/27 – ENZO 17,https://cheapfootballshirts.com/product/manchester-city-home-kids-cheap-football-kit-2026-27-enzo-17/,"Premier League, Enzo Fernández, Manchester City, Shop By League, Shop by Players",yes,2026-09-10 13:18,wp
CFS,79611,CFS_MC_HO_AD_ENZO 17_26/27,Manchester City Home Men Cheap Football Shirt 2026/27 – ENZO 17,https://cheapfootballshirts.com/product/manchester-city-home-men-cheap-football-shirt-2026-27-enzo-17/,"Premier League, Enzo Fernández, Manchester City, Shop By League, Shop by Players",yes,2026-09-10 13:12,wp
CFS,79592,CFS_LV_AW/THGP_KD_No_26/27,Liverpool 2026/27 Gift Pack – Away and Third Kids Cheap Football Kits,https://cheapfootballshirts.com/product/liverpool-2026-27-gift-pack-away-and-third-kids-cheap-football-kits/,"Shop By League, Liverpool, Premier League, Shop by Type, 🎁 Gift Packs Collection",yes,2026-09-10 08:16,wp
CFS,79574,CFS_LV_HO/THGP_KD_No_26/27,Liverpool 2026/27 Gift Pack – Home and Third Kids Cheap Football Kits,https://cheapfootballshirts.com/product/liverpool-2026-27-gift-pack-home-and-third-kids-cheap-football-kits/,"Shop By League, Liverpool, Premier League, Shop by Type, 🎁 Gift Packs Collection",yes,2026-09-10 07:53,wp
CFS,79556,CFS_LV_HO/AWGP_KD_No_26/27,Liverpool 2026/27 Gift Pack – Home and Away Kids Cheap Football Kits (With Socks),https://cheapfootballshirts.com/product/liverpool-2026-27-gift-pack-home-and-away-kids-cheap-football-kits/,"Shop By League, Liverpool, Premier League, Shop by Type, 🎁 Gift Packs Collection",yes,2026-09-10 07:30,wp
CFS,79542,CFS_LV_AW/THGP_AD_No_26/27,Liverpool 2026/27 Gift Pack – Away and Third Men Cheap Football Shirts,https://cheapfootballshirts.com/product/liverpool-2026-27-gift-pack-away-and-third-men-cheap-football-shirts/,"Liverpool, Premier League, Shop By League, Shop by Type, 🎁 Gift Packs Collection",yes,2026-09-10 07:14,wp
CFS,79528,CFS_LV_HO/THGP_AD_No_26/27,Liverpool 2026/27 Gift Pack – Home and Third Men Cheap Football Shirts,https://cheapfootballshirts.com/product/liverpool-2026-27-gift-pack-home-and-third-men-cheap-football-shirts/,"Liverpool, Premier League, Shop By League, Shop by Type, 🎁 Gift Packs Collection",yes,2026-09-10 07:06,wp
CFS,79514,CFS_LV_HO/AWGP_AD_No_26/27,Liverpool 2026/27 Gift Pack – Home and Away Men Cheap Football Shirts,https://cheapfootballshirts.com/product/liverpool-2026-27-gift-pack-home-and-away-men-cheap-football-shirts/,"Liverpool, Premier League, Shop By League, Shop by Type, 🎁 Gift Packs Collection",yes,2026-09-10 06:58,wp
CFS,79495,CFS_INM_AW/THGP_KD_No_26/27,Inter Miami 2026/27 Gift Pack – Away and Third Kids Cheap Football Kits (No Socks),https://cheapfootballshirts.com/product/inter-miami-2026-27-gift-pack-away-and-third-kids-cheap-football-kits/,"Shop By League, Inter Miami CF, MLS, Shop by Type, 🎁 Gift Packs Collection",yes,2026-09-10 03:42,wp
CFS,79477,CFS_INM_HO/THGP_KD_No_26/27,Inter Miami 2026/27 Gift Pack – Home and Third Kids Cheap Football Kits (No Socks),https://cheapfootballshirts.com/product/inter-miami-2026-27-gift-pack-home-and-third-kids-cheap-football-kits/,"Shop By League, Inter Miami CF, MLS, Shop by Type, 🎁 Gift Packs Collection",yes,2026-09-10 03:33,wp
CFS,79459,CFS_INM_HO/AWGP_KD_No_26/27,Inter Miami 2026/27 Gift Pack – Home and Away Kids Cheap Football Kits (No Socks),https://cheapfootballshirts.com/product/inter-miami-2026-27-gift-pack-home-and-away-kids-cheap-football-kits/,"Shop By League, Inter Miami CF, MLS, Shop by Type, 🎁 Gift Packs Collection",yes,2026-09-10 03:20,wp
CFS,79445,CFS_INM_AW/THGP_AD_No_26/27,Inter Miami 2026/27 Gift Pack – Away and Third Men Cheap Football Shirts,https://cheapfootballshirts.com/product/inter-miami-2026-27-gift-pack-away-and-third-men-cheap-football-shirts/,"Inter Miami CF, MLS, Shop By League, Shop by Type, 🎁 Gift Packs Collection",yes,2026-09-10 02:56,wp
CFS,79431,CFS_INM_HO/THGP_AD_No_26/27,Inter Miami 2026/27 Gift Pack – Home and Third Men Cheap Football Shirts,https://cheapfootballshirts.com/product/inter-miami-2026-27-gift-pack-home-and-third-men-cheap-football-shirts/,"Inter Miami CF, MLS, Shop By League, Shop by Type, 🎁 Gift Packs Collection",yes,2026-09-10 02:36,wp
CFS,79417,CFS_INM_HO/AWGP_AD_No_26/27,Inter Miami 2026/27 Gift Pack – Home and Away Men Cheap Football Shirts,https://cheapfootballshirts.com/product/inter-miami-2026-27-gift-pack-home-and-away-men-cheap-football-shirts/,"Inter Miami CF, MLS, Shop By League, Shop by Type, 🎁 Gift Packs Collection",yes,2026-09-10 02:20,wp
CFS,79400,CFS_INMAN_HOGP_KD_MESSI 10 RONALDO 7_26/27,Inter Miami and Al Nassr 2026/27 Gift Pack – Home Kids Cheap Football Kits – MESSI 10 and RONALDO 7,https://cheapfootballshirts.com/product/inter-miami-and-al-nassr-2026-27-gift-pack-home-kids-cheap-football-kits-messi-10-and-ronaldo-7/,"Al-Nassr, Cristiano Ronaldo, Inter Miami CF, Lionel Messi, MLS, Saudi Pro league, Shop by Players, Shop by Type, 🎁 Gift Packs Collection",yes,2026-09-10 02:00,wp
CFS,79388,CFS_NC_GreenGK_KD_No_26/27,Newcastle United Green Goalkeeper Kids Cheap Football Kit 2026/27,https://cheapfootballshirts.com/product/newcastle-united-green-goalkeeper-kids-cheap-football-kit-2026-27/,"Premier League, Goalkeeper, Newcastle United, Shop By League, Shop by Type",yes,2026-09-10 01:52,wp
CFS,79357,CFS_INMAN_HOGP_AD_MESSI 10 RONALDO 7_26/27,Inter Miami and Al Nassr 2026/27 Gift Pack – Home Men Cheap Football Shirts – MESSI 10 and RONALDO 7,https://cheapfootballshirts.com/product/inter-miami-and-al-nassr-2026-27-gift-pack-home-men-cheap-football-shirts-messi-10-and-ronaldo-7/,"Al-Nassr, Cristiano Ronaldo, Inter Miami CF, Jude Bellingham, Lionel Messi, MLS, Saudi Pro league, Shop By League, Shop by Players, Shop by Type, 🎁 Gift Packs Collection",yes,2026-09-09 15:29,wp
CFS,79339,CFS_EVE_AW/THGP_KD_No_26/27,Everton 2026/27 Gift Pack – Away and Third Kids Cheap Football Kits,https://cheapfootballshirts.com/product/everton-2026-27-gift-pack-away-and-third-kids-cheap-football-kits/,"Shop By League, Everton, Premier League, Shop by Type, 🎁 Gift Packs Collection",yes,2026-09-09 15:03,wp
CFS,79321,CFS_EVE_HO/THGP_KD_No_26/27,Everton 2026/27 Gift Pack – Home and Third Kids Cheap Football Kits,https://cheapfootballshirts.com/product/everton-2026-27-gift-pack-home-and-third-kids-cheap-football-kits/,"Shop By League, Everton, Premier League, Shop by Type, 🎁 Gift Packs Collection",yes,2026-09-09 14:54,wp
CFS,79303,CFS_EVE_HO/AWGP_KD_No_26/27,Everton 2026/27 Gift Pack – Home and Away Kids Cheap Football Kits (With Socks),https://cheapfootballshirts.com/product/everton-2026-27-gift-pack-home-and-away-kids-cheap-football-kits/,"Shop By League, Everton, Premier League, Shop by Type, 🎁 Gift Packs Collection",yes,2026-09-09 14:34,wp
CFS,79289,CFS_EVE_AW/THGP_AD_No_26/27,Everton 2026/27 Gift Pack – Away and Third Men Cheap Football Shirts,https://cheapfootballshirts.com/product/everton-2026-27-gift-pack-away-and-third-men-cheap-football-shirts/,"Everton, Premier League, Shop By League, Shop by Type, 🎁 Gift Packs Collection",yes,2026-09-09 14:25,wp
CFS,79275,CFS_EVE_HO/THGP_AD_No_26/27,Everton 2026/27 Gift Pack – Home and Third Men Cheap Football Shirts,https://cheapfootballshirts.com/product/everton-2026-27-gift-pack-home-and-third-men-cheap-football-shirts/,"Everton, Premier League, Shop By League, Shop by Type, 🎁 Gift Packs Collection",yes,2026-09-09 14:12,wp
CFS,79261,CFS_EVE_HO/AWGP_AD_No_26/27,Everton 2026/27 Gift Pack – Home and Away Men Cheap Football Shirts,https://cheapfootballshirts.com/product/everton-2026-27-gift-pack-home-and-away-men-cheap-football-shirts/,"Everton, Premier League, Shop By League, Shop by Type, 🎁 Gift Packs Collection",yes,2026-09-09 14:03,wp
CFS,79246,CFS_CHE_AW/THGP_AD_No_26/27,Chelsea 2026/27 Gift Pack – Away and Third Men Cheap Football Shirts,https://cheapfootballshirts.com/product/chelsea-2026-27-gift-pack-away-and-third-men-cheap-football-shirts/,"Chelsea, Premier League, Shop By League, Shop by Type, 🎁 Gift Packs Collection",yes,2026-09-09 09:00,wp
CFS,79233,CFS_CHE_HO/THGP_AD_No_26/27,Chelsea 2026/27 Gift Pack – Home and Third Men Cheap Football Shirts,https://cheapfootballshirts.com/product/chelsea-2026-27-gift-pack-home-and-third-men-cheap-football-shirts/,"Chelsea, Premier League, Shop By League, Shop by Type, 🎁 Gift Packs Collection",yes,2026-09-09 08:51,wp
CFS,79219,CFS_CHE_HO/AWGP_AD_No_26/27,Chelsea 2026/27 Gift Pack – Home and Away Men Cheap Football Shirts,https://cheapfootballshirts.com/product/chelsea-2026-27-gift-pack-home-and-away-men-cheap-football-shirts/,"Chelsea, Premier League, Shop By League, Shop by Type, 🎁 Gift Packs Collection",yes,2026-09-09 08:40,wp
CFS,79202,CFS_CHE_HO/AWGP_KD_No_26/27,Chelsea 2026/27 Gift Pack – Home and Away Kids Cheap Football Kits (With Socks),https://cheapfootballshirts.com/product/chelsea-2026-27-gift-pack-home-and-away-kids-cheap-football-kits/,"Shop By League, Chelsea, Premier League, Shop by Type, 🎁 Gift Packs Collection",yes,2026-09-09 08:33,wp
CFS,79184,CFS_CEL_HO/THGP_KD_No_26/27,Celtic 2026/27 Gift Pack – Home and Third Kids Cheap Football Kits (With Socks),https://cheapfootballshirts.com/product/celtic-2026-27-gift-pack-home-and-third-kids-cheap-football-kits/,"Shop By League, Celtics, Scottish Premiership, Shop by Type, 🎁 Gift Packs Collection",yes,2026-09-09 08:21,wp
CFS,79170,CFS_BR_HO/AWGP_AD_No_26/27,Brighton 2026/27 Gift Pack – Home and Away Men Cheap Football Shirts,https://cheapfootballshirts.com/product/brighton-2026-27-gift-pack-home-and-away-men-cheap-football-shirts/,"Brighton, Premier League, Shop By League, Shop by Type, 🎁 Gift Packs Collection",yes,2026-09-09 08:12,wp
CFS,79152,CFS_BM_AW/THGP_KD_No_26/27,Bayern Munich 2026/27 Gift Pack – Away and Third Kids Cheap Football Kits,https://cheapfootballshirts.com/product/bayern-munich-2026-27-gift-pack-away-and-third-kids-cheap-football-kits/,"Shop By League, Bayern Munich, Bundesliga, Shop by Type, 🎁 Gift Packs Collection",yes,2026-09-09 07:40,wp
CFS,79135,CFS_BM_HO/THGP_KD_No_26/27,Bayern Munich 2026/27 Gift Pack – Home and Third Kids Cheap Football Kits,https://cheapfootballshirts.com/product/bayern-munich-2026-27-gift-pack-home-and-third-kids-cheap-football-kits/,"Shop By League, Bayern Munich, Bundesliga, Shop by Type, 🎁 Gift Packs Collection",yes,2026-09-09 07:33,wp
CFS,79117,CFS_BM_HO/AWGP_KD_No_26/27,Bayern Munich 2026/27 Gift Pack – Home and Away Kids Cheap Football Kits (With Socks),https://cheapfootballshirts.com/product/bayern-munich-2026-27-gift-pack-home-and-away-kids-cheap-football-kits-with-socks/,"Shop By League, Bayern Munich, Bundesliga, Shop by Type, 🎁 Gift Packs Collection",yes,2026-09-09 07:25,wp
CFS,79103,CFS_BM_AW/THGP_AD_No_26/27,Bayern Munich 2026/27 Gift Pack – Away and Third Men Cheap Football Shirts,https://cheapfootballshirts.com/product/bayern-munich-2026-27-gift-pack-away-and-third-men-cheap-football-shirts/,"Bayern Munich, Bundesliga, Shop By League, Shop by Type, 🎁 Gift Packs Collection",yes,2026-09-09 07:17,wp
CFS,79089,CFS_BM_HO/AWGP_AD_No_26/27,Bayern Munich 2026/27 Gift Pack – Home and Away Men Cheap Football Shirts,https://cheapfootballshirts.com/product/bayern-munich-2026-27-gift-pack-home-and-away-men-cheap-football-shirts/,"Bayern Munich, Bundesliga, Shop By League, Shop by Type, 🎁 Gift Packs Collection",yes,2026-09-09 07:09,wp
CFS,79064,CFS_BM_HO/THGP_AD_No_26/27,Bayern Munich 2026/27 Gift Pack – Home and Third Men Cheap Football Shirts,https://cheapfootballshirts.com/product/bayern-munich-2026-27-gift-pack-home-and-third-men-cheap-football-shirts/,"Bayern Munich, Bundesliga, Shop By League, Shop by Type, 🎁 Gift Packs Collection",yes,2026-09-09 06:44,wp
CFS,79046,CFS_BAR_AW/THGP_KD_No_26/27,Barcelona 2026/27 Gift Pack – Away and Third Kids Cheap Football Kits,https://cheapfootballshirts.com/product/barcelona-2026-27-gift-pack-away-and-third-kids-cheap-football-kits/,"Shop By League, Barcelona, La Liga, Shop by Type, 🎁 Gift Packs Collection",yes,2026-09-09 06:20,wp
CFS,79028,CFS_BAR_HO/THGP_KD_No_26/27,Barcelona 2026/27 Gift Pack – Home and Third Kids Cheap Football Kits,https://cheapfootballshirts.com/product/barcelona-2026-27-gift-pack-home-and-third-kids-cheap-football-kits/,"Shop By League, Barcelona, La Liga, Shop by Type, 🎁 Gift Packs Collection",yes,2026-09-09 06:11,wp
CFS,79010,CFS_BAR_HO/AWGP_KD_No_26/27,Barcelona 2026/27 Gift Pack – Home and Away Kids Cheap Football Kits (With Socks),https://cheapfootballshirts.com/product/barcelona-2026-27-gift-pack-home-and-away-kids-cheap-football-kits/,"Shop By League, Barcelona, La Liga, Shop by Type, 🎁 Gift Packs Collection",yes,2026-09-09 03:52,wp
CFS,78997,CFS_AN_HOLV_AD_No_26/27,Al Nassr Home Men Cheap Football Shirt 2026/27 Long Sleeve,https://cheapfootballshirts.com/product/al-nassr-home-men-cheap-football-shirt-2026-27-long-sleeve/,"Al-Nassr, Saudi Pro league, Shop By League",yes,2026-09-08 16:50,wp
CFS,78991,CFS_BAR_HOLV_AD_No_26/27,Barcelona Home Men Cheap Football Shirt 2026/27 Long Sleeve,https://cheapfootballshirts.com/product/barcelona-home-men-cheap-football-shirt-2026-27-long-sleeve/,"Shop By League, Barcelona, La Liga",yes,2026-09-08 16:42,wp
CFS,78985,CFS_NC_HOLV_AD_No_26/27,Newcastle United Home Men Cheap Football Shirt 2026/27 Long Sleeve,https://cheapfootballshirts.com/product/newcastle-united-home-men-cheap-football-shirt-2026-27-long-sleeve/,"Premier League, Newcastle United, Shop By League",yes,2026-09-08 16:34,wp
CFS,78979,CFS_BM_AWLV_AD_No_26/27,Bayern Munich Away Men Cheap Football Shirt 2026/27 Long Sleeve,https://cheapfootballshirts.com/product/bayern-munich-away-men-cheap-football-shirt-2026-27-long-sleeve/,"Shop By League, Bayern Munich, Bundesliga",yes,2026-09-08 16:25,wp
CFS,78973,CFS_LV_AWLV_AD_No_26/27,Liverpool Away Men Cheap Football Shirt 2026/27 Long Sleeve,https://cheapfootballshirts.com/product/liverpool-away-men-cheap-football-shirt-2026-27-long-sleeve/,"Premier League, Liverpool, Shop By League",yes,2026-09-08 16:13,wp
CFS,78959,CFS_BAR_AW/THGP_AD_No_26/27,Barcelona 2026/27 Gift Pack – Away and Third Men Cheap Football Shirts,https://cheapfootballshirts.com/product/barcelona-2026-27-gift-pack-away-and-third-men-cheap-football-shirts/,"Barcelona, La Liga, Shop By League, Shop by Type, 🎁 Gift Packs Collection",yes,2026-09-08 14:37,wp
CFS,78945,CFS_BAR_HO/THGP_AD_No_26/27,Barcelona 2026/27 Gift Pack – Home and Third Men Cheap Football Shirts,https://cheapfootballshirts.com/product/barcelona-2026-27-gift-pack-home-and-third-men-cheap-football-shirts/,"Barcelona, La Liga, Shop By League, Shop by Type, 🎁 Gift Packs Collection",yes,2026-09-08 14:30,wp
CFS,78931,CFS_BAR_HO/AWGP_AD_No_26/27,Barcelona 2026/27 Gift Pack – Home and Away Men Cheap Football Shirts,https://cheapfootballshirts.com/product/barcelona-2026-27-gift-pack-home-and-away-men-cheap-football-shirts/,"Barcelona, La Liga, Shop By League, Shop by Type, 🎁 Gift Packs Collection",yes,2026-09-08 14:20,wp
CFS,78920,CFS_EVE_HO_KD_GREALISH 10_26/27,Everton Home Kids Cheap Football Kit 2026/27 – GREALISH 10,https://cheapfootballshirts.com/product/everton-home-kids-cheap-football-kit-2026-27-grealish-10/,"Premier League, Everton, Jack Grealish, Shop By League, Shop by Players",yes,2026-09-08 14:05,wp
CFS,78909,CFS_EVE_AW_KD_GREALISH 10_26/27,Everton Away Kids Cheap Football Kit 2026/27 – GREALISH 10,https://cheapfootballshirts.com/product/everton-away-kids-cheap-football-kit-2026-27-grealish-10/,"Premier League, Everton, Jack Grealish, Shop By League, Shop by Players",yes,2026-09-08 13:57,wp
CFS,78898,CFS_EVE_TH_KD_GREALISH 10_26/27,Everton Third Kids Cheap Football Kit 2026/27 – GREALISH 10,https://cheapfootballshirts.com/product/everton-third-kids-cheap-football-kit-2026-27-grealish-10/,"Premier League, Everton, Jack Grealish, Shop By League, Shop by Players",yes,2026-09-08 13:51,wp
CFS,78889,CFS_EVE_TH_AD_GREALISH 10_26/27,Everton Third Men Cheap Football Shirt 2026/27 – GREALISH 10,https://cheapfootballshirts.com/product/everton-third-men-cheap-football-shirt-2026-27-grealish-10/,"Premier League, Everton, Jack Grealish, Shop By League, Shop by Players",yes,2026-09-08 13:46,wp
CFS,78880,CFS_EVE_HO_AD_GREALISH 10_26/27,Everton Home Men Cheap Football Shirt 2026/27 – GREALISH 10,https://cheapfootballshirts.com/product/everton-home-men-cheap-football-shirt-2026-27-grealish-10/,"Premier League, Everton, Jack Grealish, Shop By League, Shop by Players",yes,2026-09-08 13:36,wp
CFS,78871,CFS_EVE_AW_AD_GREALISH 10_26/27,Everton Away Men Cheap Football Shirt 2026/27 – GREALISH 10,https://cheapfootballshirts.com/product/everton-away-men-cheap-football-shirt-2026-27-grealish-10/,"Premier League, Everton, Jack Grealish, Shop By League, Shop by Players",yes,2026-09-08 13:30,wp
CFS,78852,CFS_AV_AW/THGP_KD_No_26/27,Aston Villa 2026/27 Gift Pack – Away and Third Kids Cheap Football Kits,https://cheapfootballshirts.com/product/aston-villa-2026-27-gift-pack-away-and-third-kids-cheap-football-kits/,"Shop By League, Aston Villa, Premier League, Shop by Type, 🎁 Gift Packs Collection",yes,2026-09-08 08:35,wp
CFS,78835,CFS_AV_HO/THGP_KD_No_26/27,Aston Villa 2026/27 Gift Pack – Home and Third Kids Cheap Football Kits,https://cheapfootballshirts.com/product/aston-villa-2026-27-gift-pack-home-and-third-kids-cheap-football-kits/,"Shop By League, Aston Villa, Premier League, Shop by Type, 🎁 Gift Packs Collection",yes,2026-09-08 08:25,wp
CFS,78817,CFS_AV_HO/AWGP_KD_No_26/27,Aston Villa 2026/27 Gift Pack – Home and Away Kids Cheap Football Kits,https://cheapfootballshirts.com/product/aston-villa-2026-27-gift-pack-home-and-away-kids-cheap-football-kits/,"Shop By League, Aston Villa, Premier League, Shop by Type, 🎁 Gift Packs Collection",yes,2026-09-08 08:16,wp
CFS,78803,CFS_AV_AW/THGP_AD_No_26/27,Aston Villa 2026/27 Gift Pack – Away and Third Men Cheap Football Shirts,https://cheapfootballshirts.com/product/aston-villa-2026-27-gift-pack-away-and-third-men-cheap-football-shirts/,"Aston Villa, Premier League, Shop By League, Shop by Type, 🎁 Gift Packs Collection",yes,2026-09-08 08:07,wp
CFS,78789,CFS_AV_HO/THGP_AD_No_26/27,Aston Villa 2026/27 Gift Pack – Home and Third Men Cheap Football Shirts,https://cheapfootballshirts.com/product/aston-villa-2026-27-gift-pack-home-and-third-men-cheap-football-shirts/,"Aston Villa, Premier League, Shop By League, Shop by Type, 🎁 Gift Packs Collection",yes,2026-09-08 07:58,wp
CFS,78775,CFS_AV_HO/AWGP_AD_No_26/27,Aston Villa 2026/27 Gift Pack – Home and Away Men Cheap Football Shirts,https://cheapfootballshirts.com/product/aston-villa-2026-27-gift-pack-home-and-away-men-cheap-football-shirts/,"Aston Villa, Premier League, Shop By League, Shop by Type, 🎁 Gift Packs Collection",yes,2026-09-08 07:46,wp
CFS,78665,CFS_AN_AW/THGP_KD_No_26/27,Al Nassr 2026/27 Gift Pack – Away and Third Kids Cheap Football Kits (No Socks),https://cheapfootballshirts.com/product/al-nassr-2026-27-gift-pack-away-and-third-kids-cheap-football-kits/,"Shop By League, Al-Nassr, Saudi Pro league, Shop by Type, 🎁 Gift Packs Collection",NO,2026-09-08 02:49,wp
CFS,78647,CFS_AN_HO/THGP_KD_No_26/27,Al Nassr 2026/27 Gift Pack – Home and Third Kids Cheap Football Kits,https://cheapfootballshirts.com/product/al-nassr-2026-27-gift-pack-home-and-third-kids-cheap-football-kits/,"Shop By League, Al-Nassr, Saudi Pro league, Shop by Type, 🎁 Gift Packs Collection",NO,2026-09-08 02:37,wp
CFS,78630,CFS_AN_HO/AWGP_KD_No_26/27,Al Nassr 2026/27 Gift Pack – Home and Away Kids Cheap Football Kits,https://cheapfootballshirts.com/product/al-nassr-2026-27-gift-pack-home-and-away-kids-cheap-football-kits/,"Shop By League, Al-Nassr, Saudi Pro league, Shop by Type, 🎁 Gift Packs Collection",yes,2026-09-08 02:16,wp
CFS,78616,CFS_AN_AW/THGP_AD_No_26/27,Al Nassr 2026/27 Gift Pack – Away and Third Men Cheap Football Shirts,https://cheapfootballshirts.com/product/al-nassr-2026-27-gift-pack-away-and-third-men-cheap-football-shirts/,"Al-Nassr, Saudi Pro league, Shop By League, Shop by Type, 🎁 Gift Packs Collection",yes,2026-09-08 02:08,wp
CFS,78603,CFS_AN_HO/THGP_AD_No_26/27,Al Nassr 2026/27 Gift Pack – Home and Third Men Cheap Football Shirts,https://cheapfootballshirts.com/product/al-nassr-2026-27-gift-pack-home-and-third-men-cheap-football-shirts/,"Al-Nassr, Saudi Pro league, Shop By League, Shop by Type, 🎁 Gift Packs Collection",NO,2026-09-08 01:58,wp
CFS,78590,CFS_AN_HO/AWGP_AD_No_26/27,Al Nassr 2026/27 Gift Pack – Home and Away Men Cheap Football Shirts,https://cheapfootballshirts.com/product/al-nassr-2026-27-gift-pack-home-and-away-men-cheap-football-shirts/,"Al-Nassr, Saudi Pro league, Shop By League, Shop by Type, 🎁 Gift Packs Collection",yes,2026-09-08 01:38,wp
CFS,78571,CFS_RM_AWLV_AD_No_26/27,Real Madrid Away Men Cheap Football Shirt 2026/27 Long Sleeve,https://cheapfootballshirts.com/product/real-madrid-away-men-cheap-football-shirt-2026-27-long-sleeve/,"Shop By League, La Liga, Real Madrid",yes,2026-09-07 16:26,wp
CFS,78565,CFS_DBC_AW_AD_No_26/27,Derby County Away Men Cheap Football Shirt 2026/27,https://cheapfootballshirts.com/product/derby-county-away-men-cheap-football-shirt-2026-27/,"Shop By League, Derby County, EFL",yes,2026-09-07 16:18,wp
CFS,78559,CFS_POR_GK_AD_No_26/27,Portsmouth Goalkeeper Men Cheap Football Shirt 2026/27,https://cheapfootballshirts.com/product/portsmouth-goalkeeper-men-cheap-football-shirt-2026-27/,"Shop By League, EFL, Goalkeeper, Portsmouth, Shop by Type",yes,2026-09-07 16:11,wp
CFS,78553,CFS_KO_TH_AD_No_26/27,Köln Third Men Cheap Football Shirt 2026/27,https://cheapfootballshirts.com/product/koln-third-men-cheap-football-shirt-2026-27/,"Bundesliga, Köln, Shop By League",yes,2026-09-07 16:03,wp
CFS,78547,CFS_AJAX_AW_AD_No_26/27,Ajax Away Men Cheap Football Shirt 2026/27,https://cheapfootballshirts.com/product/ajax-away-men-cheap-football-shirt-2026-27/,"Ajax, Other Clubs, Shop By League",yes,2026-09-07 15:55,wp
CFS,78535,CFS_NOT_AW_AD_No_26/27,Nottingham Forest Away Men Cheap Football Shirt 2026/27,https://cheapfootballshirts.com/product/nottingham-forest-away-men-cheap-football-shirt-2026-27/,"Premier League, Nottingham Forest, Shop By League",yes,2026-09-07 15:33,wp
CFS,78511,CFS_ACM_AW/THGP_KD_No_26/27,AC Milan 2026/27 Gift Pack – Away and Third Kids Cheap Football Kits (With Socks),https://cheapfootballshirts.com/product/ac-milan-2026-27-gift-pack-away-and-third-kids-cheap-football-kits/,"Shop By League, AC Milan, Serie A, Shop by Type, 🎁 Gift Packs Collection",yes,2026-09-07 15:17,wp
CFS,78487,CFS_ACM_HO/THGP_KD_No_26/27,AC Milan 2026/27 Gift Pack – Home and Third Kids Cheap Football Kits,https://cheapfootballshirts.com/product/ac-milan-2026-27-gift-pack-home-and-third-kids-cheap-football-kits/,"Shop By League, AC Milan, Serie A, Shop by Type, 🎁 Gift Packs Collection",yes,2026-09-07 15:06,wp
CFS,78480,CFS_DOR_AW_AD_No_26/27,Dortmund Away Men Cheap Football Shirt 2026/27,https://cheapfootballshirts.com/product/dortmund-away-men-cheap-football-shirt-2026-27/,"Shop By League, Borussia Dortmund, Bundesliga",yes,2026-09-07 15:04,wp
CFS,78463,CFS_ACM_HO/AWGP_KD_No_26/27,AC Milan 2026/27 Gift Pack – Home and Away Kids Cheap Football Kits (With Socks),https://cheapfootballshirts.com/product/ac-milan-2026-27-gift-pack-home-and-away-kids-cheap-football-kits-with-socks/,"Shop By League, AC Milan, Serie A, Shop by Type, 🎁 Gift Packs Collection",yes,2026-09-07 14:57,wp
CFS,78448,CFS_ACM_AW/THGP_AD_No_26/27,AC Milan 2026/27 Gift Pack – Away and Third Men Cheap Football Shirts,https://cheapfootballshirts.com/product/ac-milan-2026-27-gift-pack-away-and-third-men-cheap-football-shirts/,"AC Milan, Serie A, Shop by Type, 🎁 Gift Packs Collection",yes,2026-09-07 14:24,wp
CFS,78441,CFS_COV_AW_AD_No_2026/27,Coventry City Away Men Cheap Football Shirt 2026/27,https://cheapfootballshirts.com/product/coventry-city-away-men-cheap-football-shirt-2026-27/,"Shop By League, Coventry City, Premier League",yes,2026-09-07 14:15,wp
CFS,78428,CFS_ACM_HO/THGP_AD_No_26/27,AC Milan 2026/27 Gift Pack – Home and Third Men Cheap Football Shirts,https://cheapfootballshirts.com/product/ac-milan-2026-27-gift-pack-home-and-third-men-cheap-football-shirts/,"AC Milan, Serie A, Shop by Type, 🎁 Gift Packs Collection",yes,2026-09-07 14:12,wp
CFS,78414,CFS_ACM_HO/AWGP_AD_No_26/27,AC Milan 2026/27 Gift Pack – Home and Away Men Cheap Football Shirts,https://cheapfootballshirts.com/product/ac-milan-2026-27-gift-pack-home-and-away-men-cheap-football-shirts/,"AC Milan, Serie A, Shop By League, Shop by Type, 🎁 Gift Packs Collection",yes,2026-09-07 13:57,wp
CFS,78408,CFS_CO_AW_AD_No_26/27,Como Away Men Cheap Football Shirt 2026/27,https://cheapfootballshirts.com/product/como-away-men-cheap-football-shirt-2026-27/,"Shop By League, Calcio Como, Serie A",yes,2026-09-07 13:56,wp
CFS,78402,CFS_BHC_AW_AD_No_26/27,Birmingham City Away Men Cheap Football Shirt 2026/27,https://cheapfootballshirts.com/product/birmingham-city-away-men-cheap-football-shirt-2026-27/,"Shop By League, Birmingham City, EFL",yes,2026-09-07 13:48,wp
CFS,78237,CFS_WO_AW_KD_No_26/27,Wolves Away Kids Cheap Football Kit 2026/27,https://cheapfootballshirts.com/product/wolves-away-kids-cheap-football-kit-2026-27/,"EFL, Shop By League, Wolverhampton Wanderers",yes,2026-09-06 09:30,wp
CFS,78225,CFS_BR_TH_KD_No_26/27,Brighton Third Kids Cheap Football Kit 2026/27,https://cheapfootballshirts.com/product/brighton-third-kids-cheap-football-kit-2026-27/,"Premier League, Brighton, Shop By League",yes,2026-09-06 09:23,wp
CFS,78214,CFS_SAFC_TH_AD_No_26/27,Sunderland AFC Third Men Cheap Football Shirt 2026/27,https://cheapfootballshirts.com/product/sunderland-afc-third-men-cheap-football-shirt-2026-27/,"Shop By League, Premier League, Sunderland",NO,2026-09-06 08:51,wp
CFS,78205,CFS_NC_TH_AD_No_26/27,Newcastle United Third Men Cheap Football Shirt 2026/27,https://cheapfootballshirts.com/product/newcastle-united-third-men-cheap-football-shirt-2026-27/,"Premier League, Newcastle United, Shop By League",NO,2026-09-06 08:44,wp
CFS,78195,CFS_EVE_TH_AD_No_26/27,Everton Third Men Cheap Football Shirt 2026/27,https://cheapfootballshirts.com/product/everton-third-men-cheap-football-shirt-2026-27/,"Premier League, Everton, Shop By League",yes,2026-09-06 08:38,wp
CFS,78184,CFS_EVE_TH_KD_No_26/27,Everton Third Kids Cheap Football Kit 2026/27,https://cheapfootballshirts.com/product/everton-third-kids-cheap-football-kit-2026-27/,"Premier League, Everton, Shop By League",yes,2026-09-06 08:33,wp
CFS,78174,CFS_BR_HO_AD_No_26/27,Brighton Home Men Cheap Football Shirt 2026/27,https://cheapfootballshirts.com/product/brighton-home-men-cheap-football-shirt-2026-27/,"Premier League, Brighton, Shop By League",NO,2026-09-06 08:28,wp
CFS,78164,CFS_BR_AW_AD_No_26/27,Brighton Away Men Cheap Football Shirt 2026/27,https://cheapfootballshirts.com/product/brighton-away-men-cheap-football-shirt-2026-27/,"Premier League, Brighton, Shop By League",NO,2026-09-06 08:22,wp
CFS,78154,CFS_BM_TH_AD_No_26/27,Bayern Munich Third Men Cheap Football Shirt 2026/27,https://cheapfootballshirts.com/product/bayern-munich-third-men-cheap-football-shirt-2026-27/,"Shop By League, Bayern Munich, Bundesliga",yes,2026-09-06 08:16,wp
CFS,78143,CFS_AV_AW_KD_No_26/27,Aston Villa Away Kids Cheap Football Kit 2026/27,https://cheapfootballshirts.com/product/aston-villa-away-kids-cheap-football-kit-2026-27/,"Premier League, Aston Villa, Shop By League",yes,2026-09-06 08:12,wp
CFS,78134,CFS_AV_AW_AD_No_26/27,Aston Villa Away Men Cheap Football Shirt 2026/27,https://cheapfootballshirts.com/product/aston-villa-away-men-cheap-football-shirt-2026-27/,"Premier League, Aston Villa, Shop By League",yes,2026-09-06 08:07,wp
CFS,78124,CFS_AN_TH_AD_No_26/27,Al Nassr Third Men Cheap Football Shirt 2026/27,https://cheapfootballshirts.com/product/al-nassr-third-men-cheap-football-shirt-2026-27/,"Shop By League, Al-Nassr, Saudi Pro league",yes,2026-09-06 08:01,wp
CFS,78113,CFS_AN_TH_KD_No_26/27,Al Nassr Third Kids Cheap Football Kit 2026/27,https://cheapfootballshirts.com/product/al-nassr-third-kids-cheap-football-kit-2026-27/,"Shop By League, Al-Nassr, Saudi Pro league",NO,2026-09-06 07:56,wp
CFS,78102,CFS_AN_AW_KD_No_26/27,Al Nassr Away Kids Cheap Football Kit 2026/27,https://cheapfootballshirts.com/product/al-nassr-away-kids-cheap-football-kit-2026-27/,"Shop By League, Al-Nassr, Saudi Pro league",yes,2026-09-06 07:50,wp
CFS,78091,CFS_LV_TH_KD_B.BARCOLA 29_26/27,Liverpool Third Kids Cheap Football Kit 2026/27 – B.BARCOLA 29,https://cheapfootballshirts.com/product/liverpool-third-kids-cheap-football-kit-2026-27-b-barcola-29/,"Premier League, Bradley Barcola, Liverpool, Shop By League, Shop by Players",yes,2026-09-06 06:41,wp
CFS,78082,CFS_LV_TH_AD_B.BARCOLA 29_26/27,Liverpool Third Men Cheap Football Shirt 2026/27 – B.BARCOLA 29,https://cheapfootballshirts.com/product/liverpool-third-men-cheap-football-shirt-2026-27-b-barcola-29/,"Premier League, Bradley Barcola, Liverpool, Shop By League, Shop by Players",yes,2026-09-06 06:37,wp
CFS,78072,CFS_LV_AW_KD_B.BARCOLA 29_26/27,Liverpool Away Kids Cheap Football Kit 2026/27 – B.BARCOLA 29,https://cheapfootballshirts.com/product/liverpool-away-kids-cheap-football-kit-2026-27-b-barcola-29/,"Premier League, Bradley Barcola, Liverpool, Shop By League, Shop by Players",yes,2026-09-06 06:32,wp
CFS,78063,CFS_LV_AW_AD_B.BARCOLA 29_26/27,Liverpool Away Men Cheap Football Shirt 2026/27 – B.BARCOLA 29,https://cheapfootballshirts.com/product/liverpool-away-men-cheap-football-shirt-2026-27-b-barcola-29/,"Premier League, Bradley Barcola, Liverpool, Shop By League, Shop by Players",yes,2026-09-06 06:24,wp
CFS,78052,CFS_LV_TH_KD_No_26/27,Liverpool Third Kids Cheap Football Kit 2026/27,https://cheapfootballshirts.com/product/liverpool-third-kids-cheap-football-kit-2026-27/,"Premier League, Liverpool, Shop By League",yes,2026-09-06 06:19,wp
CFS,78043,CFS_ACM_AW_KD_HUTCHINSON 20_26/27,AC Milan Away Kids Cheap Football Kit 2026/27 – HUTCHINSON 20,https://cheapfootballshirts.com/product/ac-milan-away-kids-cheap-football-kit-2026-27-hutchinson-20/,"Shop By League, AC Milan, Omari Hutchinson, Serie A, Shop by Players",yes,2026-09-06 06:13,wp
CFS,78035,CFS_ACM_AW_AD_HUTCHINSON 20_26/27,AC Milan Away Men Cheap Football Shirt 2026/27 – HUTCHINSON 20,https://cheapfootballshirts.com/product/ac-milan-away-men-cheap-football-shirt-2026-27-hutchinson-20/,"Shop By League, AC Milan, Omari Hutchinson, Serie A, Shop by Players",yes,2026-09-06 06:07,wp
CFS,78027,CFS_ASR_HO_KD_No_26/27,AS Roma Home Kids Cheap Football Kit 2026/27,https://cheapfootballshirts.com/product/as-roma-home-kids-cheap-football-kit-2026-27/,"Shop By League, AS Roma, Serie A",yes,2026-09-06 04:26,wp
CFS,78019,CFS_BEN_AW_KD_No_26/27,Benfica Away Kids Cheap Football Kit 2026/27,https://cheapfootballshirts.com/product/benfica-away-kids-cheap-football-kit-2026-27/,"Shop By League, Benfica, Primeira-liga",yes,2026-09-06 04:18,wp
CFS,78007,CFS_FU_TH_KD_No_26/27,Fulham Third Kids Cheap Football Kit 2026/27,https://cheapfootballshirts.com/product/fulham-third-kids-cheap-football-kit-2026-27/,"Premier League, Fulham, Shop By League",yes,2026-09-06 02:00,wp
CFS,77919,CFS_LV_TH_WM_No_26/27,Liverpool Third Women Cheap Football Shirt 2026/27,https://cheapfootballshirts.com/product/liverpool-third-women-cheap-football-shirt-2026-27/,"Premier League, Liverpool, Shop By League, Women Shirt",yes,2026-09-05 09:14,wp
CFS,77906,CFS_BAR_GK_AD_No_26/27,Barcelona Goalkeeper Men Cheap Football Shirt 2026/27,https://cheapfootballshirts.com/product/barcelona-goalkeeper-men-cheap-football-shirt-2026-27/,"Shop By League, Barcelona, Goalkeeper, La Liga, Shop by Type",yes,2026-09-05 02:49,wp
CFS,77841,CFS_PSV_HO_KD_No_26/27,PSV Eindhoven Home Kids Cheap Football Kit 2026/27,https://cheapfootballshirts.com/product/psv-eindhoven-home-kids-cheap-football-kit-2026-27/,"Shop By League, Other Clubs, PSV",yes,2026-09-04 09:32,wp
CFS,77800,CFS_FYE_AW_KD_No_26/27,Feyenoord Away Kids Cheap Football Kit 2026/27,https://cheapfootballshirts.com/product/feyenoord-away-kids-cheap-football-kit-2026-27/,"Feyenoord, Other Clubs, Shop By League",yes,2026-09-04 08:31,wp
CFS,77767,CFS_ACM_HO_KD_HUTCHINSON 20_26/27,AC Milan Home Kids Cheap Football Kit 2026/27 – HUTCHINSON 20,https://cheapfootballshirts.com/product/ac-milan-home-kids-cheap-football-kit-2026-27-hutchinson-20/,"Shop By League, AC Milan, Omari Hutchinson, Serie A, Shop by Players",yes,2026-09-04 03:26,wp
CFS,77759,CFS_ACM_HO_AD_HUTCHINSON 20_26/27,AC Milan Home Men Cheap Football Shirt 2026/27 – HUTCHINSON 20,https://cheapfootballshirts.com/product/ac-milan-home-men-cheap-football-shirt-2026-27-hutchinson-20/,"Shop By League, AC Milan, Omari Hutchinson, Serie A, Shop by Players",yes,2026-09-04 03:22,wp
CFS,77748,CFS_LV_HO_KD_B.BARCOLA 29_26/27,Liverpool Home Kids Cheap Football Kit 2026/27 – B.BARCOLA 29,https://cheapfootballshirts.com/product/liverpool-home-kids-cheap-football-kit-2026-27-b-barcola-29/,"Premier League, Bradley Barcola, Liverpool, Shop By League, Shop by Players",yes,2026-09-04 02:33,wp
CFS,77739,CFS_LV_HO_AD_B.BARCOLA 29_26/27,Liverpool Home Men Cheap Football Shirt 2026/27 – B.BARCOLA 29,https://cheapfootballshirts.com/product/liverpool-home-men-cheap-football-shirt-2026-27-b-barcola-29/,"Premier League, Bradley Barcola, Liverpool, Shop By League, Shop by Players",yes,2026-09-04 02:28,wp
CFS,77718,CFS_ACM_HO_KD_No_2006/07,Retro AC Milan Home Kids Cheap Football Kit 2006/07,https://cheapfootballshirts.com/product/retro-ac-milan-home-kids-cheap-football-kit-2006-07/,"RETRO, Club Teams, Retro AC Milan",yes,2026-09-03 12:49,wp
